OBJECT_NAME,NORAD_CAT_ID,MEAN_MOTION,ECCENTRICITY,INCLINATION,RA_OF_ASC_NODE,ARG_OF_PERICENTER,BSTAR,MEAN_MOTION_DOT,MEAN_MOTION_DDOT,CLUSTER,ANOMALY_LABEL,ANOMALY_SCORE,TOP_DEVIATING_FEATURE,DEVIATION_SIGMA
OPS 5712 (P/L 160),2826,14.77776682,8.376e-05,69.9175,24.5328,291.9251,0.00073341303,5.198e-05,0.0,1,-1,-0.05177103627378199,ARG_OF_PERICENTER,2.2002601298565203
STARLETTE,7646,13.82350462,0.0205602,49.8238,82.4288,81.6082,2.81708e-07,-1.45e-06,0.0,1,-1,-0.024290494428793108,ECCENTRICITY,2.247164738817404
AJISAI (EGS),16908,12.44516781,0.00111827,50.0082,130.0067,194.9891,-9.8145556e-05,-1.11e-06,0.0,1,-1,-0.0004945289453729407,INCLINATION,2.8125627069695986
HST,20580,15.30802244,0.00015255,28.4724,43.0006,203.6425,0.00017107506,5.473e-05,0.0,1,-1,-0.05469572427796843,INCLINATION,4.438401914858015
SCD 1,22490,14.46120222,0.00418566,24.9676,175.26,193.0327,3.5982814e-05,3.18e-06,0.0,1,-1,-0.02879420635454827,INCLINATION,4.7029958122663915
USA 119,23893,13.46243369,0.08514581,63.3163,178.6915,49.2454,0.00020988512,1.199e-05,0.0,1,-1,-0.13031161105183875,ECCENTRICITY,10.140195015492095
JAS-2 (FO-29),24278,13.53274621,0.03509299,98.5236,21.6325,82.722,1.2357086e-05,-2e-07,0.0,1,-1,-0.04184493397978861,ECCENTRICITY,4.023222152760775
FORTE,24920,14.2794683,0.00246327,69.9539,2.5207,271.2316,6.1788342e-05,9.6e-07,0.0,1,-1,-0.004082999567081802,RA_OF_ASC_NODE,1.9047961940518303
ORBCOMM FM06,25118,14.47572762,6.553e-05,45.0147,27.91,351.086,0.00025966115,8.19e-06,0.0,1,-1,-0.06647654640015155,ARG_OF_PERICENTER,2.9718353985510024
SCD 2,25504,14.45527625,0.00167421,24.9963,37.3939,182.0762,4.3565924e-05,3.38e-06,0.0,1,-1,-0.04716852675082961,INCLINATION,4.700829113779853
ODIN,26702,15.77483652,0.00065763,97.3823,214.6432,138.3244,0.00097827157,0.00164483,0.0,1,-1,-0.11813381802185152,MEAN_MOTION_DOT,6.4998081916567845
SWIFT,28485,15.68789555,0.00014659,20.5513,143.1873,14.6964,0.00036665184,0.00045041,0.0,0,-1,-0.01787905243414467,INCLINATION,11.048090151134192
COSMOS 2414,28521,13.8792675,0.00391551,82.9496,39.7282,316.2048,7.510978e-06,2.4e-07,0.0,1,-1,-0.0010954964817497803,ARG_OF_PERICENTER,2.516915489246276
GLOBALSTAR M069,31573,12.23471274,0.00022181,52.0014,236.7917,159.8938,6.273558e-06,-9.2e-07,0.0,1,-1,-0.005182926896915352,MEAN_MOTION,1.7844133794775876
GLOBALSTAR M072,31574,11.91658316,0.00014764,51.9932,86.0238,345.8815,-1.0052072e-05,-8.5e-07,0.0,1,-1,-0.08888943378557357,MEAN_MOTION,2.1329092215237186
GLOBALSTAR M066,32265,12.30387034,0.00055778,51.9606,43.0024,55.1045,-0.00041119816,-1.43e-06,0.0,1,-1,-0.025507697115676575,INCLINATION,2.665166814108347
COSMOS 2437,32954,12.42759513,0.00199503,82.503,353.9415,319.2704,0.0001087019,2.5e-07,0.0,1,-1,-0.00850483917576389,ARG_OF_PERICENTER,2.5568969828291968
COSMOS 2439,32956,12.43070265,0.00201055,82.508,354.3026,304.4056,-0.00020179217,-1.8e-07,0.0,1,-1,-0.008350117533534873,ARG_OF_PERICENTER,2.3630305600044976
FGRST (GLAST),33053,15.23964102,0.00082199,25.5801,166.4563,33.1727,6.927261e-05,2.061e-05,0.0,1,-1,-0.051119678277859015,INCLINATION,4.656755295785385
YAOGAN-8,36121,13.05081362,0.00206367,100.217,57.6372,314.0117,-0.0012560672,-4.49e-06,0.0,1,-1,-0.04837653898863803,ARG_OF_PERICENTER,2.4883131231265274
YAOGAN-9 01A,36413,13.4570359,0.05377499,63.3658,344.5322,21.7987,9.202378e-06,-7.9e-07,0.0,1,-1,-0.06369380526613777,ECCENTRICITY,6.3063559906054065
YAOGAN-9 01B,36414,13.45711204,0.05386074,63.3671,343.4542,20.9596,1.5404056e-05,-7e-07,0.0,1,-1,-0.06160236085147264,ECCENTRICITY,6.316835528481178
YAOGAN-9 01C,36415,13.45712857,0.05392476,63.3667,345.3159,21.29,1.298081e-05,-7.4e-07,0.0,1,-1,-0.06105627129135105,ECCENTRICITY,6.3246594353593935
SERVIS 2,36588,13.16053672,0.00166404,100.4281,1.0859,262.59,2.9694887e-05,-3.3e-07,0.0,1,-1,-0.0050829101313826786,RA_OF_ASC_NODE,1.9180216099882839
GLOBALSTAR M077,37191,11.67547852,0.0002644,51.9918,165.2689,182.6019,0.00027163367,-6.3e-07,0.0,1,-1,-0.04925109061398936,MEAN_MOTION,2.3970279008933923
GLOBALSTAR M085,37742,12.62264112,2.192e-05,52.0094,177.5675,335.0972,1.4796652e-05,-1.01e-06,0.0,1,-1,-0.010137718978602772,ARG_OF_PERICENTER,2.7633097903181603
JUGNU,37839,14.13777929,0.00185729,19.9606,276.4498,134.0418,6.0036746e-05,3.82e-06,0.0,1,-1,-0.03756451275923234,INCLINATION,5.0809978792384705
SRMSAT,37841,14.11576407,0.00117146,19.9733,30.6303,256.2995,4.6372796e-05,3.51e-06,0.0,1,-1,-0.07495030627091692,INCLINATION,5.080039096284498
NUSTAR,38358,15.08844836,0.00083277,6.0277,351.7814,198.5877,0.00057160625,0.00010148,0.0,4,-1,-0.019922522788963226,INCLINATION,3.9749973895628767
EXPRESS-MD2,38745,12.43813598,0.15669024,49.8266,47.4608,186.0316,0.00052897496,0.00030098,4.919872e-06,1,-1,-0.29816888040305844,ECCENTRICITY,18.883665149434208
CINEMA,38764,15.48303803,0.00421758,64.6435,66.5113,175.8923,0.00045265444,0.00024725,0.0,0,-1,-0.10757345217342973,ECCENTRICITY,12.582930228935977
AEROCUBE 4.5A,38767,16.00807088,0.00187078,64.6229,10.1866,234.8509,0.0010273619,0.00564404,0.00014930663,1,-1,-0.32224535047871117,MEAN_MOTION_DOT,22.601515291820142
YAOGAN-16 01A,39011,13.45516515,0.04358673,63.3542,275.618,27.1734,3.2676e-06,-8.8e-07,0.0,1,-1,-0.01426580230593838,ECCENTRICITY,5.061245126952749
YAOGAN-16 01B,39012,13.4551327,0.04360644,63.3546,275.8272,26.9164,5.887697e-06,-8.5e-07,0.0,1,-1,-0.012775998141117184,ECCENTRICITY,5.063653893034749
YAOGAN-16 01C,39013,13.45505171,0.04361758,63.3548,274.9396,26.4874,6.118783e-05,-2.6e-07,0.0,1,-1,-0.016882348408972514,ECCENTRICITY,5.065015316380943
GLOBALSTAR M096,39075,12.62265641,1.599e-05,52.0041,183.5664,345.9569,1.2569565e-05,-1.02e-06,0.0,1,-1,-0.020541579268179344,ARG_OF_PERICENTER,2.9049417794434356
YAOGAN-17 01A,39239,13.45507509,0.04267497,63.3863,75.7525,11.9253,-4.1906757e-05,-1.34e-06,0.0,1,-1,-0.02524716597242349,ECCENTRICITY,4.949818614374159
YAOGAN-17 01B,39240,13.45474899,0.04268814,63.3874,76.26,11.4523,0.00010635763,1.9e-07,0.0,1,-1,-0.023202033108596865,ECCENTRICITY,4.9514281247394525
YAOGAN-17 01C,39241,13.45480575,0.04277048,63.387,75.1274,11.5418,-3.1708634e-05,-1.24e-06,0.0,1,-1,-0.023261230377433495,ECCENTRICITY,4.961490925307278
HISAKI (SPRINT-A),39253,13.55545142,0.01368477,29.7171,191.8497,61.7569,5.1775672e-05,1.01e-06,0.0,1,-1,-0.04310694998317721,INCLINATION,4.344433635896531
CASSIOPE,39265,15.25681282,0.02906651,80.9143,59.8998,43.5612,0.00046002437,0.00042326,-4.9946e-07,1,-1,-0.1869763399701253,ECCENTRICITY,3.286723897162129
POPACS 2,39269,14.91330231,0.04166739,80.9904,138.2899,177.219,0.00018212409,0.00010822,0.0,1,-1,-0.07257731341088669,ECCENTRICITY,4.826681905652636
POPACS 3,39270,14.5620701,0.05516186,80.9999,223.3751,53.6796,0.00018813217,7.999e-05,0.0,1,-1,-0.0788757722706176,ECCENTRICITY,6.475845864585257
OPTOS,39420,14.72342074,0.01164197,97.6805,38.3976,354.0527,0.00013630767,9.06e-06,0.0,1,-1,-0.0482740193378689,ARG_OF_PERICENTER,3.0105270403217657
GOMX-1,39430,14.6947685,0.01299627,97.6484,13.9436,59.6466,0.00021903975,1.427e-05,0.0,1,-1,-0.0026619830311858106,ECCENTRICITY,1.3227741740979873
ALICE,39467,15.08831258,0.0164328,120.4645,319.924,2.4354,0.00022667826,4.519e-05,0.0,1,-1,-0.09983789650539943,INCLINATION,2.506515989096887
SMDC ONE 2.4,39469,15.18267649,0.01460952,120.4948,12.7368,24.7023,0.00029299619,7.591e-05,0.0,1,-1,-0.1046185990779348,INCLINATION,2.508803479136682
TACSAT 6,39473,15.65067414,0.00619651,120.4606,156.7524,62.1182,0.00097947278,0.0010915,0.0,1,-1,-0.1430406429813289,MEAN_MOTION_DOT,4.271978797918174
SMDC ONE 2.3,39474,15.66179983,0.00588089,120.4463,161.0446,59.8056,0.00101192,0.00117054,0.0,1,-1,-0.14499648784800223,MEAN_MOTION_DOT,4.590211381152591
DUCHIFAT-1,40021,15.65399754,0.00022821,98.0446,232.4851,109.891,0.0008587898,0.00086182,0.0,1,-1,-0.055890400595203116,MEAN_MOTION_DOT,3.347236139551767
AEROCUBE 6A,40045,14.98148981,0.00384746,97.7248,340.592,359.0702,0.00025295096,2.982e-05,0.0,1,-1,-0.010485373179598134,ARG_OF_PERICENTER,3.0759651744724383
AEROCUBE 6B,40046,14.9961062,0.00379395,97.7245,340.3914,350.1665,0.00027134429,3.328e-05,0.0,1,-1,-0.0015470023143335232,ARG_OF_PERICENTER,2.9598432980325082
YAOGAN-20 01A,40109,13.45442573,0.03905436,63.3804,4.7105,14.7289,9.274732e-06,-8.2e-07,0.0,1,-1,-0.03878714092985369,ECCENTRICITY,4.507342583722267
YAOGAN-20 01B,40110,13.4544042,0.0390397,63.3804,5.5843,14.7507,1.543059e-05,-7.6e-07,0.0,1,-1,-0.04264217169276163,ECCENTRICITY,4.50555097992916
YAOGAN-20 01C,40111,13.45450588,0.03904444,63.3795,5.0962,15.1423,4.680302e-06,-8.6e-07,0.0,1,-1,-0.04216912382014926,ECCENTRICITY,4.506130257008242
YAOGAN-25 01A,40338,13.45413118,0.0367046,63.3886,296.1778,9.1838,5.1160729e-05,-4.5e-07,0.0,1,-1,-0.01494022327110528,ECCENTRICITY,4.2201775817517175
YAOGAN-25 01B,40339,13.45434687,0.03673171,63.3895,296.3335,8.9814,0.00015116795,4.4e-07,0.0,1,-1,-0.02850984552172403,ECCENTRICITY,4.223490704455067
YAOGAN-25 01C,40340,13.45349248,0.0367285,63.3879,296.6777,9.6557,6.1217146e-05,-3.6e-07,0.0,1,-1,-0.017059461218042693,ECCENTRICITY,4.223098409217967
GONETS-M 11,40552,12.42877521,0.00163457,82.4867,27.4908,353.8088,0.00025733385,4.5e-07,0.0,1,-1,-0.03503149470163658,ARG_OF_PERICENTER,3.0073461014240377
GONETS-M 12,40553,12.42890916,0.00150763,82.4901,28.5825,338.6189,-0.0006731172,-8.3e-07,0.0,1,-1,-0.04359526428352023,ARG_OF_PERICENTER,2.809239730933691
GONETS-M 13,40554,12.42870695,0.0013383,82.4863,27.2124,323.6618,-5.7003995e-05,2e-08,0.0,1,-1,-0.009789177626422618,ARG_OF_PERICENTER,2.614169533364178
COSMOS 2504,40555,13.61387027,0.06064436,82.5178,226.9226,258.9251,7.6162142e-05,2.14e-06,0.0,1,-1,-0.09865147510011518,ECCENTRICITY,7.145864131686381
GAOFEN-8,40701,15.46135688,0.00092576,97.691,7.5589,166.2646,0.00042532818,0.00020808,0.0,1,-1,-0.018709229998922883,MEAN_MOTION_DOT,0.7151337994243938
COSMOS 2507 (RODNIK-S 13),40920,12.42927366,0.0009933,82.4919,76.1839,344.9462,0.00087665273,1.31e-06,0.0,1,-1,-0.04169859386107577,ARG_OF_PERICENTER,2.891760250358017
ASTROSAT,40930,14.8251305,0.00074561,5.9959,124.5526,96.3173,7.5283804e-05,1.289e-05,0.0,1,-1,-0.07677605339183557,INCLINATION,6.135259006589178
SNAP-3 ALICE,40970,15.61246717,0.00265813,64.7497,85.5779,9.2814,0.0013730103,0.00120709,0.0,0,-1,-0.07976173817061538,ECCENTRICITY,7.7162044011824875
SNAP-3 EDDIE,40972,15.62434744,0.00264459,64.7419,77.4218,13.4086,0.0011312218,0.00103886,0.0,0,-1,-0.07708434686488241,ECCENTRICITY,7.673948818952995
BISONSAT,40974,15.16296159,0.00796731,64.7579,156.8679,45.164,0.0005005916,0.00010367,0.0,0,-1,-0.06811858544499327,ECCENTRICITY,24.285073829629873
ORBCOMM FM118,41183,14.58882087,0.00023676,47.0044,339.6627,53.6254,0.00042889983,1.858e-05,0.0,1,-1,-0.01213738039747908,INCLINATION,3.0393337492645323
HORYU-4,41340,16.00402984,0.00072332,30.984,44.0609,302.1792,0.0010041178,0.00557871,0.00012890892,4,-1,-0.0999591225367461,MEAN_MOTION_DDOT,10.385097547927094
RAVAN,41849,15.55112539,0.00035871,97.9878,63.4146,14.844,0.00060735848,0.00040935,0.0,1,-1,-0.059538364905250885,MEAN_MOTION_DOT,1.5254914920811633
CYGFM05,41884,15.56871882,0.00076799,34.9559,224.9652,202.4953,0.00024026576,0.00017852,0.0,1,-1,-0.03426682595514979,INCLINATION,3.9489318926464163
CYGFM01,41887,15.57553116,0.00073904,34.939,226.4945,195.9777,0.00024139526,0.00018402,0.0,1,-1,-0.03484956039486403,INCLINATION,3.950207753427688
LEMUR-2-GREENBERG,42837,15.31464866,0.00080217,97.3826,354.0459,354.5088,0.00042090804,0.00012732,0.0,1,-1,-0.019512958453912765,ARG_OF_PERICENTER,3.0164754873543758
LEMUR-2-ANDIS,42838,15.35021447,0.00077378,97.3686,354.2652,352.5036,0.00049081308,0.00016628,0.0,1,-1,-0.037970633830028966,ARG_OF_PERICENTER,2.990323709257927
LEMUR-2-MONSON,42839,15.28133048,0.00057379,97.4087,354.0302,345.9154,0.00041708498,0.00011376,0.0,1,-1,-0.011057591899004737,ARG_OF_PERICENTER,2.904400537277565
LEMUR-2-PETERG,42841,15.3407704,0.00028201,97.3998,358.8808,331.3507,0.00053557148,0.00017603,0.0,1,-1,-0.03965903573115659,ARG_OF_PERICENTER,2.7144480126210015
LEMUR-2-ZACHARY,42845,15.50663581,0.00025187,97.3603,5.2326,9.3835,0.00064179648,0.00036844,0.0,1,-1,-0.07575144848266535,MEAN_MOTION_DOT,1.360778751948066
ORS-5 SENSORSAT,42921,15.00913378,0.00104991,0.0481,103.1034,146.5965,9.2483555e-05,2.046e-05,0.0,0,-1,-0.05119319629242647,INCLINATION,18.101386397402887
YAOGAN-30 02A,42945,15.03143177,0.00023387,34.9986,354.7328,220.5302,0.0001819272,2.478e-05,0.0,1,-1,-0.024611552719885854,INCLINATION,3.945708268068883
YAOGAN-30 02C,42947,15.04548815,0.00056627,34.9989,346.126,262.7407,0.0001701532,2.406e-05,0.0,1,-1,-0.023290007565963722,INCLINATION,3.9456856196526475
MAKERSAT 0,43016,15.32242157,0.01048684,97.4619,55.9644,254.0472,0.00034975244,0.00012877,0.0,1,-1,-0.03827762874189333,ECCENTRICITY,1.0160958448665103
RADFXSAT (FOX-1B),43017,15.12782562,0.01489699,97.4701,40.6703,310.5186,0.00025601989,5.824e-05,0.0,1,-1,-0.051366675948228524,ECCENTRICITY,1.5550618386022184
LEO 1 (LEO VANTAGE 1),43113,14.67835434,0.0351087,99.2426,92.8666,62.1929,0.00023168694,3.335e-05,0.0,1,-1,-0.03224216404036162,ECCENTRICITY,4.025142077425829
LKW-4,43236,15.62643115,0.00020861,97.6351,344.7469,263.0963,0.00039550218,0.00035334,0.0,1,-1,-0.03891334983087691,MEAN_MOTION_DOT,1.2999828004445275
YAOGAN-31 01A,43275,13.45462251,0.02759232,63.3949,76.6836,7.4826,3.2733959e-05,-6.6e-07,0.0,1,-1,-0.0012855807173469125,ECCENTRICITY,3.1065626150503545
YAOGAN-31 01B,43276,13.45458306,0.02759217,63.3951,76.6874,7.4355,0.00010322169,-1.3e-07,0.0,1,-1,-0.006297127443354866,ECCENTRICITY,3.1065442834972186
YAOGAN-31 01C,43277,13.45444258,0.02760139,63.3962,76.0453,7.1587,2.2567236e-05,-7.4e-07,0.0,1,-1,-0.0023612901386945717,ECCENTRICITY,3.1076710629632784
WEINA 1B,43279,13.45371528,0.02757064,63.3956,77.2423,7.8658,-3.1311749e-05,-1.14e-06,0.0,1,-1,-0.010358016529955716,ECCENTRICITY,3.103913094570509
POLAR SCOUT KODIAK,43764,15.80281923,0.00079024,97.4144,257.8559,208.5389,0.00089281492,0.00170374,0.0,1,-1,-0.13821308507951158,MEAN_MOTION_DOT,6.736992926959664
ISAT,43879,15.66201824,0.00024891,97.5866,109.4405,163.7796,0.00077152385,0.00079862,0.0,1,-1,-0.06916802190446525,MEAN_MOTION_DOT,3.0927789120667577
UWE-4,43880,15.46410589,0.00046111,97.5841,102.1592,316.718,0.00054968362,0.00027166,0.0,1,-1,-0.038568712155819806,MEAN_MOTION_DOT,0.9711209912518763
D-STAR ONE (SPARROW),43881,15.75880275,0.00044948,97.6105,114.675,123.6535,0.00090057337,0.00140651,0.0,1,-1,-0.10833232226212752,MEAN_MOTION_DOT,5.540278975608882
YUNHAI-2 01F,43915,14.2902928,0.00070165,50.0092,204.2676,344.6764,1.5258996e-05,-1.23e-06,0.0,1,-1,-0.0024397680497174057,ARG_OF_PERICENTER,2.888241524180867
OTB,44341,14.57218773,0.00111047,23.997,304.7478,66.1792,0.00015763367,9.44e-06,0.0,0,-1,-0.043085550678061635,INCLINATION,9.8627365050805
FORMOSAT 7-3,44343,15.09826855,6.253e-05,23.9977,141.2628,11.1941,0.00016315113,3.053e-05,0.0,0,-1,-0.00552080539145583,INCLINATION,9.862495698407766
FORMOSAT 7-6,44353,14.96530339,0.00011878,23.9982,292.9666,146.3578,0.0001438184,1.978e-05,0.0,0,-1,-0.00019703340691312743,INCLINATION,9.862323693641528
MOMENTUS-X1,44408,15.67059932,0.00059638,97.6742,219.6257,2.7991,0.00036599539,0.00038982,0.0,1,-1,-0.03470217610684084,MEAN_MOTION_DOT,1.4468593773219507
BRO-1,44495,15.92470517,0.00137502,44.992,256.3556,354.3555,0.00073999677,0.00260076,3.4772127e-05,4,-1,-0.027427576176889068,ARG_OF_PERICENTER,3.496829538499922
ZHUHAI-1 03B,44536,15.54363187,0.0007349,97.5533,331.9208,293.524,0.00040106495,0.00026243,0.0,1,-1,-0.010298589973262273,MEAN_MOTION_DOT,0.9339589626175941
RS-44 & BREEZE-KM R/B,44909,12.79748918,0.02183613,82.5223,336.0326,131.2961,5.0720934e-05,2.6e-07,0.0,1,-1,-0.035462487872122805,ECCENTRICITY,2.4030965960982673
STARLINK-1411,45706,16.14350853,0.00062995,53.0191,176.465,19.9602,0.0012965572,0.01631038,0.0021957171,0,-1,-0.16333599243326735,MEAN_MOTION_DDOT,25.88327989778309
STARLINK-1606,46144,16.12815231,0.00052109,53.0267,89.3795,222.0203,0.00092498608,0.01071517,0.0007397274,0,-1,-0.15388916895419558,MEAN_MOTION_DDOT,8.666568537818932
STARLINK-1667,46155,16.0218979,0.00057064,53.0072,58.1334,210.2935,0.00073994206,0.00439118,9.6615918e-05,4,-1,-0.05728723999930563,MEAN_MOTION_DDOT,7.769684526140462
STARLINK-1635,46172,15.98677606,0.00054355,53.0302,94.5212,213.7665,0.00079666389,0.00385724,7.3214236e-05,4,-1,-0.0278675603401497,MEAN_MOTION_DDOT,5.874380279278871
STARLINK-1665,46356,16.13711505,0.00014197,53.026,171.5366,186.4655,0.00085122587,0.01047166,0.00071485416,0,-1,-0.12301030918482503,MEAN_MOTION_DDOT,8.372448741733072
STARLINK-1663,46535,16.06393448,0.000768,53.0272,328.7585,309.2338,0.00076926765,0.00590751,0.00018189542,4,-1,-0.11467973170486079,MEAN_MOTION_DDOT,14.676478760454112
STARLINK-1735,46565,15.9828229,0.00079075,53.0297,315.1588,320.4596,0.00085475714,0.00405644,7.9643668e-05,4,-1,-0.0462451759949718,MEAN_MOTION_DDOT,6.395100532400327
STARLINK-1741,46567,16.0222436,0.00087618,53.03,312.2887,318.2089,0.00098307296,0.0058671,0.00016857243,4,-1,-0.10822110998092438,MEAN_MOTION_DDOT,13.59744864937515
STARLINK-1531,46572,15.98695455,0.00111677,53.0426,334.3368,280.8072,0.00091571667,0.00446615,9.5274167e-05,4,-1,-0.06609484350954709,MEAN_MOTION_DDOT,7.661015996736004
STARLINK-1716,46672,16.09567633,0.00055909,53.0301,34.6438,261.7896,0.0008960113,0.00839582,0.00040065217,4,-1,-0.1289835102605963,MEAN_MOTION_DDOT,32.39360684144586
STARLINK-1905,46746,15.99621713,0.0003851,53.0302,118.685,201.7428,0.00087010575,0.00444458,9.5547309e-05,4,-1,-0.05768631568780158,MEAN_MOTION_DDOT,7.68313779091286
STARLINK-1922,46753,16.10809634,0.00021851,53.0297,117.5354,204.276,0.00090723746,0.00919464,0.00050112934,0,-1,-0.12387059460895145,MEAN_MOTION_DDOT,5.845206594072071
STARLINK-1928,46758,16.20684433,0.00057995,53.0253,117.4956,232.2277,0.00077589363,0.01628204,1.1827207e-05,4,-1,-0.041740600176870535,MEAN_MOTION_DOT,15.525119302361077
STARLINK-1882,46784,15.98476077,0.0004753,53.0377,110.7623,179.2067,0.00087614588,0.00419486,8.477525e-05,0,-1,-0.03491508848776059,ARG_OF_PERICENTER,3.8370217767269157
STARLINK-1931,46790,16.15066622,0.0006468,53.0257,114.0973,224.0588,0.00091609,0.0123603,0.0010947,0,-1,-0.17397288839924874,MEAN_MOTION_DDOT,12.864030096026394
STARLINK-1944,46796,16.00770822,0.00046557,53.0307,104.8002,217.2875,0.00071277613,0.00388775,7.615929e-05,4,-1,-0.028071758890417464,MEAN_MOTION_DDOT,6.11290045716338
CE-SAT IIB,46818,16.05564098,0.0005527,97.1855,257.6653,160.5825,0.0003553,0.00249418,2.9925e-05,3,-1,-0.061969504263075736,MEAN_MOTION_DDOT,2.0095407002488854
ONEWEB-0146,47292,13.1245966,0.00015452,87.8951,349.5552,86.2161,-0.010660721,-3.822e-05,0.0,1,-1,-0.0021916006065512694,BSTAR,5.213665848739996
STARLINK-2093,47374,16.04248215,0.00103958,53.0358,238.8646,353.3334,0.0007410894,0.00500155,0.00012700254,4,-1,-0.09365377773326156,MEAN_MOTION_DDOT,10.23069966703409
ASTROCAST-0101,47430,15.99779956,0.00116926,97.2147,243.2155,238.0431,0.0015930463,0.00799442,0.00029950278,3,-1,-0.20043341483066718,MEAN_MOTION_DDOT,20.513243993952788
STARLINK-1964,47565,16.1092701,0.00011491,53.0282,162.0414,29.3912,0.00078595944,0.00803961,0.00037384764,0,-1,-0.05835469892170253,MEAN_MOTION_DDOT,4.3401325607148635
STARLINK-1991,47587,16.12477605,0.00060579,53.0266,163.6785,24.7314,0.00078946479,0.00897837,0.00049099884,0,-1,-0.08754385370766726,MEAN_MOTION_DDOT,5.7254159839928125
STARLINK-1997,47592,16.03363047,0.00105671,53.0245,195.7642,19.5344,0.00078843969,0.00504542,0.00012754234,0,-1,-0.041481163519770825,MEAN_MOTION_DDOT,1.4276344458385148
STARLINK-2021,47604,16.04109645,0.00069958,53.0266,169.5642,37.3272,0.00082488738,0.00550029,0.0001524778,0,-1,-0.023131193719755805,MEAN_MOTION_DDOT,1.7224899777477944
STARLINK-1655,47623,16.08052584,2.095e-05,53.0236,161.4148,157.9493,0.00083267705,0.00706806,0.00027002339,0,-1,-0.054197166867556934,MEAN_MOTION_DDOT,3.1124369634075757
STARLINK-2363,47903,15.99244907,0.0005124,53.1482,88.2577,219.5871,0.00072536856,0.00362353,6.6151054e-05,4,-1,-0.018499381651536084,MEAN_MOTION_DDOT,5.302332558907475
STARLINK-2273,47993,15.57539712,0.0002204,53.1494,158.3381,102.0384,0.018243752,0.0151083,0.0,0,-1,-0.005691675919023309,MEAN_MOTION_DOT,6.68742402427065
ONEWEB-0162,48056,13.13425156,4.885e-05,87.8964,319.1277,43.8359,-0.015688194,-5.709e-05,0.0,1,-1,-0.07562366287874633,BSTAR,7.640845992809995
ONEWEB-0179,48212,14.25526679,0.02189997,87.8992,285.6766,239.4777,6.0992632e-05,2.03e-06,0.0,1,-1,-0.014116519019133744,ECCENTRICITY,2.41089850511272
YAOGAN-34 01,48340,13.45433942,0.00411151,63.4023,131.8389,351.6921,9.3914339e-05,-3.4e-07,0.0,1,-1,-0.02471362236857466,ARG_OF_PERICENTER,2.979740142568685
STARLINK-2187,48562,15.56889138,0.00018355,53.1549,348.7588,82.9849,0.017053779,0.01390271,0.0,0,-1,-0.015197773705841633,MEAN_MOTION_DOT,6.151249970974069
STARLINK-2220,48570,16.1214578,0.00091835,53.1189,9.1574,342.157,0.00084710008,0.0094468,0.00054672676,4,-1,-0.16037336804588775,MEAN_MOTION_DDOT,44.224200504993874
ICEYE-X11,48918,16.05676647,0.00026979,97.6227,14.07,241.16,0.00054905187,0.00387644,7.170216e-05,3,-1,-0.13403922930800422,MEAN_MOTION_DDOT,4.8771070593664465
NAPA-2,48963,16.05757031,0.0003915,97.6576,14.3447,230.7447,0.00074032,0.00525262,0.0001342,3,-1,-0.17105704753260614,MEAN_MOTION_DDOT,9.166932013995048
ONEWEB-0330,49108,13.1908519,0.00020948,87.9135,4.7662,95.3206,0.046866517,0.00018637,0.0,1,-1,-0.20247213328630043,BSTAR,22.559525537228467
ONEWEB-0334,49200,13.21200067,0.00018963,87.9195,273.5789,136.7704,-0.016448947,-6.713e-05,0.0,1,-1,-0.04392528646405813,BSTAR,8.008124857587921
ONEWEB-0350,49214,13.13105493,0.0002138,87.8963,319.2369,97.9227,0.046795743,0.00017043,0.0,1,-1,-0.17849115934125337,BSTAR,22.525357030004972
CUTE,49263,15.94619336,0.0007649,97.4184,273.3413,221.0406,0.00038441337,0.00144826,1.0191629e-05,3,-1,-0.007194416733595277,MEAN_MOTION_DDOT,0.6550505713941221
STARLINK-3151,49408,16.29784698,0.00093547,53.2009,69.5317,252.7636,0.00049694402,0.02304878,1.2054215e-05,4,-1,-0.05645012491438384,MEAN_MOTION_DOT,22.06141037765558
STARLINK-3129,49453,15.27238208,0.000168,53.1593,106.2898,103.4389,0.042975411,0.01272076,0.0,0,-1,-0.031270788862034604,BSTAR,10.522404369723235
IXPE,49954,15.10290992,0.00073831,0.2308,274.9626,166.265,0.00051486663,9.62e-05,0.0,4,-1,-0.018180281417771504,INCLINATION,4.525365351372497
STARLINK-3286,50171,15.27847288,0.00014178,53.1607,136.1482,58.9023,0.044028284,0.01333392,0.0,0,-1,-0.032823075822683734,BSTAR,10.782285120343053
ONEWEB-0405,50485,13.18689206,0.00019785,87.9175,334.3328,102.0313,0.013008488,5.145e-05,0.0,1,-1,-0.00012948710212085102,BSTAR,6.213433632578527
SHIYAN-13 (SY-13),51102,14.20399368,0.06043678,98.4565,193.3064,175.4183,0.00016240801,2.382e-05,0.0,1,-1,-0.07186480862829436,ECCENTRICITY,7.120495706353987
JILIN-1 GAOFEN 03D13,51846,16.17718618,0.00104942,97.3581,270.7037,251.4349,0.00086736937,0.01385624,2.398273e-06,4,-1,-0.10087871091422018,MEAN_MOTION_DOT,13.181932643726432
2022-023A,51946,15.17995091,0.01073426,63.4859,251.2575,343.4199,0.0003906478,9.048e-05,0.0,4,-1,-0.02665494968782034,ECCENTRICITY,18.444052600998372
2022-023B,51947,15.17981763,0.01013134,63.4852,250.8779,347.8199,0.00034782661,7.889e-05,0.0,4,-1,-0.024986605943466356,ECCENTRICITY,17.383462227602116
2022-023C,51948,15.17992248,0.01040379,63.4939,252.2903,350.4786,0.00030503762,6.939e-05,0.0,4,-1,-0.03235046036071576,ECCENTRICITY,17.86272622155125
2022-023D,51949,15.1799849,0.01258766,63.4523,252.6975,355.4837,0.00029596846,7.195e-05,0.0,4,-1,-0.05047785183444664,ECCENTRICITY,21.704349486244553
2022-023E,51950,13.56287838,0.01602156,63.4617,298.6015,348.5727,7.7081435e-05,-3.4e-07,0.0,1,-1,-0.0677042194127061,ARG_OF_PERICENTER,2.9390569904671184
2022-023F,51951,15.18005013,0.01310723,63.4445,254.1414,342.2296,0.00043096625,0.00010802,0.0,4,-1,-0.03806212575206813,ECCENTRICITY,22.618319731559836
YAOGAN-34 02,52084,13.45460034,0.00525259,63.3943,186.6329,353.5475,1.7577921e-05,-8e-07,0.0,1,-1,-0.026035811888572347,ARG_OF_PERICENTER,3.0039382320760413
JILIN-1 GAOFEN 3D30,52447,16.08540124,0.00086755,97.5625,292.7597,263.6773,0.00089570379,0.00757107,0.00030837709,3,-1,-0.21310482138839765,MEAN_MOTION_DDOT,21.1223728293351
STARLINK-3858,52553,16.10740315,0.0001345,53.2166,354.5063,311.3904,0.00056962,0.00576219,0.00018559,4,-1,-0.11678059594025625,MEAN_MOTION_DDOT,14.9757031138305
GEESAT-1 06,52790,14.81379902,0.00335332,50.0038,176.9341,168.9263,0.00014272553,9.07e-06,0.0,0,-1,-0.046486032249379194,ECCENTRICITY,9.885750797794081
DS-EO,52935,15.1388953,0.00034051,9.9924,142.2263,23.3488,0.0001622079,3.845e-05,0.0,0,-1,-0.01490031835516381,INCLINATION,14.680452403598514
STARLINK-4310,53074,15.33098468,7.51e-05,97.579,355.2321,74.7283,0.033778752,0.01170711,0.0,3,-1,-0.11257247274895904,BSTAR,7.329891726056201
YAOGAN-35 03A,53316,16.02576845,0.00066924,35.0128,359.7586,4.8509,0.0015170618,0.00946648,0.00044056043,0,-1,-0.1675309835486558,MEAN_MOTION_DDOT,5.1289944939056715
STARLINK-4539,53423,15.28149653,8.863e-05,53.1609,1.1331,117.7923,0.041666197,0.01267525,0.0,0,-1,-0.06949256091674805,BSTAR,10.199250943771602
STARLINK-4498,53434,16.09877591,0.0002498,53.2124,316.9826,4.8932,0.00056733,0.00542296,0.00016204,0,-1,-0.057182255083521594,MEAN_MOTION_DDOT,1.8355605835125528
STARLINK-4302,53481,15.59335651,0.00141722,97.6054,297.1522,345.1654,-0.0041565928,-0.00316464,0.0,3,-1,-0.0367192726997107,ARG_OF_PERICENTER,2.4553478549927954
STARLINK-4431,53486,15.65559234,0.00012814,97.6036,297.6955,29.9887,0.005126018,0.00548445,0.0,3,-1,-0.019622546788389372,MEAN_MOTION_DOT,2.239820008248699
STARLINK-4455,53500,15.71883865,9.446e-05,97.6052,298.7768,65.6315,0.0047020251,0.0065927,0.0,3,-1,-0.0039965495966496345,MEAN_MOTION_DOT,2.682913926908992
STARLINK-4681,53594,16.09726506,0.0001098,53.2111,96.8067,261.9589,0.00054903,0.00519393,0.00014844,4,-1,-0.07244744872447395,MEAN_MOTION_DDOT,11.966921404425678
STARLINK-4693,53605,16.07661748,0.00013288,53.2118,100.1721,283.5614,0.00055455479,0.00459033,0.00011332872,4,-1,-0.049005783676172365,MEAN_MOTION_DDOT,9.12325580394677
STARLINK-4573,53623,15.27852902,7.635e-05,53.1607,121.0359,116.171,0.043977977,0.01332094,0.0,0,-1,-0.04514198433942851,BSTAR,10.769867838371313
SHERPA-LTC2,53754,14.69752871,0.03933998,53.235,198.4552,240.5482,0.00016353623,3.006e-05,0.0,1,-1,-0.05880883035509665,ECCENTRICITY,4.54224830509927
STARLINK-4679,53782,16.11578275,0.0001027,53.2095,126.8961,240.0035,0.00056536,0.00604831,0.00020772,4,-1,-0.10818172978665863,MEAN_MOTION_DDOT,16.768013725650924
STARLINK-4798,53858,15.99648207,6.54e-05,53.2138,141.7268,65.7592,0.0012417648,0.0063514,0.0001904866,0,-1,-0.0017068503298331983,MEAN_MOTION_DDOT,2.1719344612758067
STARLINK-5034,53888,16.10937357,9.7e-05,53.2085,171.8283,186.1054,0.00053211,0.00545358,0.00016674,0,-1,-0.04540533484627751,ARG_OF_PERICENTER,4.122802042898417
STARLINK-5042,53899,16.03574078,4.496e-05,53.2116,182.0015,148.0255,0.0011976216,0.00770066,0.00030061135,0,-1,-0.051892639073121916,MEAN_MOTION_DDOT,3.474131883646455
STARLINK-5000,53935,15.98131901,3.155e-05,53.2124,145.8022,107.1469,0.0014519727,0.00681712,0.00021525174,0,-1,-0.015940992417602495,MEAN_MOTION_DDOT,2.4647760020979037
HJ-2E,54035,15.22385938,0.0019794,97.3801,178.1457,355.2587,0.00026314257,6.039e-05,0.0,4,-1,-0.013776524981385818,INCLINATION,4.698161401242058
ONEWEB-0524,54142,13.2073157,0.00030612,87.9195,273.4141,134.6099,0.020263572,8.255e-05,0.0,1,-1,-0.06522851644428651,BSTAR,9.716067227698764
YAOGAN-34 03,54249,13.45439944,0.00769593,63.405,247.7336,355.5071,-5.467035e-06,-9.3e-07,0.0,1,-1,-0.035045671192848626,ARG_OF_PERICENTER,3.0294952958890273
JILIN-1 GAOFEN 03D54,54254,16.02248524,0.00073973,97.6168,326.7344,261.4752,0.00074366816,0.00429214,8.3774911e-05,3,-1,-0.13505834841975356,MEAN_MOTION_DDOT,5.705775514321329
COSMOS 2566,54383,13.97712137,0.0002434,67.1433,91.5412,40.5304,3.4168e-05,-2.7e-07,0.0,0,-1,-0.000492819105730069,MEAN_MOTION,4.080973564031634
2022-167F,54687,15.95284914,0.00021742,97.607,2.4949,231.0759,0.00064643225,0.00252119,2.6952188e-05,3,-1,-0.0999552418569512,MEAN_MOTION_DDOT,1.8054881585447344
SHIYAN-20A (SY-20A),54699,14.29584749,0.00064009,59.9949,221.8004,178.793,3.4026971e-05,-4.9e-07,0.0,0,-1,-0.013896664332735842,ARG_OF_PERICENTER,3.819884157158714
SWOT,54754,14.0017022,3.002e-05,77.6104,27.6687,93.536,6.6471678e-05,9.5e-07,0.0,3,-1,-0.030166987183160743,INCLINATION,4.987084283969735
EROS C3,54880,15.10882022,0.00073041,139.3384,35.6918,358.144,8.7945297e-05,1.724e-05,0.0,3,-1,-0.08222186703736228,INCLINATION,11.47835746389824
ICEYE-X21,55049,16.17730992,0.00072112,97.2985,261.0139,258.4332,0.00046831665,0.00744161,2.360435e-06,3,-1,-0.05004755769499197,MEAN_MOTION_DOT,3.022320070369321
ION SCV-008,55051,15.28629023,0.00144671,97.5709,270.1479,359.041,0.00017043281,4.68e-05,0.0,4,-1,-0.001166827430719719,INCLINATION,4.716276291461533
STARLINK-5895,55964,15.10640878,0.00037678,69.997,353.3375,192.0758,0.00080638487,0.00013285,0.0,0,-1,-0.03297785056540248,ARG_OF_PERICENTER,4.370127263758918
STARLINK-5140,56147,16.06388535,0.00013187,42.9986,225.8047,269.5311,0.0017911422,0.01374715,0.0011516411,0,-1,-0.1855625063139864,MEAN_MOTION_DDOT,13.5373442569843
2023-048A,56157,13.45391545,0.00676952,63.402,83.9091,355.3952,5.9353298e-05,-5.5e-07,0.0,4,-1,-0.07629516376126,ECCENTRICITY,11.469719228379983
BRO-9,56185,16.15496297,0.00097059,97.2886,91.0903,181.5698,0.0010914915,0.01436425,0.0016424392,0,-1,-0.21158653591135756,MEAN_MOTION_DDOT,19.340908130903756
KEPLER-21,56218,16.03582472,0.00050133,97.287,94.4554,149.6564,0.00053984637,0.00336389,5.2141002e-05,3,-1,-0.10862730557461403,MEAN_MOTION_DDOT,3.534437557031119
OUTPOST MISSION 1,56226,16.13720318,0.00102375,97.5934,338.4386,250.8115,0.00074928808,0.00891356,0.00049254891,3,-1,-0.2511406367532066,MEAN_MOTION_DDOT,33.763847628710046
POEM-2,56308,14.94996606,0.0020515,9.8871,221.6319,10.8086,7.74688e-05,1.574e-05,0.0,0,-1,-0.09294583104350784,INCLINATION,14.71667660736827
STARLINK-5876,56321,15.03993707,0.00059873,97.3307,173.6179,109.8487,-0.041555163,-0.00538619,0.0,3,-1,-0.07047300373865456,BSTAR,8.964397830304698
TOMORROW-R2,56962,16.15982599,0.00095555,97.6038,338.5072,245.4648,0.00060406154,0.00841546,0.00045355247,3,-1,-0.2435808693588401,MEAN_MOTION_DDOT,31.087148698736186
SHIYAN-25 (SY-25),57047,16.00948537,0.00099037,96.8196,235.6099,236.3789,-0.00031472511,-0.00169952,1.2866249e-05,3,-1,-0.05999850396480649,MEAN_MOTION_DDOT,0.8386353420061745
STARLINK-6085,57115,15.17542357,0.00189941,42.999,43.3367,163.8541,0.0011687478,0.00023839,0.0,0,-1,-0.02364170452329506,ECCENTRICITY,5.348393814095291
STARLINK-6137,57156,15.32110156,0.0001608,43.0055,29.8314,274.4464,0.028035434,0.00960898,0.0,4,-1,-0.03751428497130971,BSTAR,19.932334402002947
STARLINK-5875,57221,16.09395431,0.0002019,42.9959,144.9305,254.2453,0.00053581,0.00505419,0.00013543,4,-1,-0.05832681049881394,MEAN_MOTION_DDOT,10.91324038048606
LEO 3,57392,13.68420729,0.00181453,99.5646,297.8684,4.8547,1.7080701e-05,-3e-07,0.0,3,-1,-0.03944764596803668,MEAN_MOTION,2.494313518469593
STARLINK-30195,57406,15.37875496,0.00017972,43.001,21.4866,283.9808,0.024397765,0.01008298,0.0,4,-1,-0.042593018858196774,BSTAR,17.31581202725123
QIANKUN-1,57422,16.07763263,0.00229715,96.1007,216.7389,158.8427,2.0732198e-05,0.00016809,1.758514e-06,3,-1,-0.029223476097155532,MEAN_MOTION,1.870150226399701
STARLINK-30327,57707,15.40035173,0.00278581,42.9966,209.1897,50.0717,0.0011900685,0.00049295,0.0,0,-1,-0.0003372310545576296,ECCENTRICITY,8.11466767585469
BB3,57760,14.61478538,0.00980927,80.995,346.1084,292.1569,7.4310313e-05,4.09e-06,0.0,3,-1,-0.154415274664155,ECCENTRICITY,6.664832895604747
WILDFIRE 7,57761,13.85103751,0.00058676,80.999,2.8607,28.0195,6.8167703e-05,8.8e-07,0.0,3,-1,-0.04698478887908025,INCLINATION,4.083202805437701
CHECKMATE 10,57762,13.8547376,0.00062959,81.0003,2.0606,2.7508,3.3269415e-05,4.9e-07,0.0,3,-1,-0.053947729292220636,INCLINATION,4.082856041015199
WILDFIRE 6,57763,13.85359538,0.00059594,80.9953,2.2872,12.5883,4.1417747e-05,5.8e-07,0.0,3,-1,-0.048062453361009616,INCLINATION,4.084189750332515
WILDFIRE 1,57764,13.85732169,0.00063227,80.9998,2.1313,355.6226,5.5513355e-05,7.5e-07,0.0,4,-1,-0.005850856147535666,MEAN_MOTION,4.2293717488322065
WILDFIRE 9,57765,13.85386097,0.00060896,81.0037,2.884,8.1674,4.9099414e-05,6.7e-07,0.0,3,-1,-0.04957327519522242,INCLINATION,4.0819491186794234
WILDFIRE 10,57766,13.85605617,0.00063821,81.0027,2.4184,358.4574,3.2522852e-05,4.8e-07,0.0,4,-1,-0.010228098448806233,MEAN_MOTION,4.233276329271749
WILDFIRE 2,57767,13.85420555,0.00055142,80.9961,2.0823,15.654,1.3820217e-05,2.7e-07,0.0,3,-1,-0.052625394403499726,INCLINATION,4.083976356841744
WILDFIRE 8,57768,13.85422245,0.000597,80.9951,1.9011,7.5427,2.5992688e-05,4.1e-07,0.0,3,-1,-0.05213523824219285,INCLINATION,4.084243098705209
WILDFIRE 5,57769,13.85462162,0.00061909,81.0036,2.7196,4.2661,4.3039874e-05,6e-07,0.0,3,-1,-0.05261621164922342,INCLINATION,4.081975792865768
XRISM,57800,15.1250821,0.00078564,31.003,323.2428,20.1188,0.00020899024,3.83e-05,0.0,0,-1,-0.009605066872248158,INCLINATION,7.45260572055133
STARLINK-30476,57930,15.81523778,0.00110879,42.9911,17.8842,13.3972,0.00072886902,0.00152735,0.0,0,-1,-0.013253122030737141,INCLINATION,3.328585044271834
ION SCV-013,58300,15.0511871,0.00988088,97.6162,228.8207,176.0492,0.00010321976,1.568e-05,0.0,3,-1,-0.00896729050219125,ECCENTRICITY,6.716419799515319
HONGHU 2,58555,15.33587465,0.003974,97.2791,164.2246,251.0532,-0.012405469,-0.0039358,0.0,3,-1,-0.08613111979094107,BSTAR,2.659487823764935
YAOGAN-39 05B,58558,15.1768185,0.00098611,34.9933,45.9671,2.0911,0.000231545,4.748e-05,0.0,0,-1,-0.005259167989490998,INCLINATION,6.07990448311103
STARLINK-31079,58598,15.68326426,0.00327277,42.9746,244.698,30.7388,0.0005657499,0.00067482,0.0,0,-1,-0.048931243469525265,ECCENTRICITY,9.634370653880815
2024-018A,58849,14.39537523,0.043656,58.6844,209.8973,112.2198,0.00012253453,9.48e-06,0.0,1,-1,-0.01626043490075557,ECCENTRICITY,5.069710638190705
2024-018B,58850,14.438778,0.04194216,58.6908,197.9441,115.1985,0.00017804728,1.564e-05,0.0,1,-1,-0.016590565403238777,ECCENTRICITY,4.860261644686174
2024-018C,58851,14.41084403,0.04292142,58.6808,203.5369,114.6127,0.00014435521,1.174e-05,0.0,1,-1,-0.01068886501224059,ECCENTRICITY,4.979937356175722
GEESAT-2 09,58913,14.83246842,0.00217025,50.0049,328.1377,29.2082,0.0001583396,1.082e-05,0.0,0,-1,-0.00261268679019655,ECCENTRICITY,6.193630290538111
2024-024C,58919,15.89865368,0.00087234,97.3116,264.2996,248.9971,0.0010714722,0.00316742,3.8834963e-05,3,-1,-0.06854282505886228,MEAN_MOTION_DDOT,2.6211167422723785
ADRAS-J,58992,15.47309034,0.01590952,98.222,205.5886,93.0454,0.0012981525,0.00110865,0.0,3,-1,-0.09897451296269993,ECCENTRICITY,11.059372912089387
SITRO-AIS 25,59066,14.93536443,0.01429161,95.391,238.9978,308.6843,0.00014999394,1.895e-05,0.0,3,-1,-0.09353811733307721,ECCENTRICITY,9.893851787861582
SITRO-AIS 26,59067,14.93331581,0.01432737,95.3907,238.8958,309.2737,0.00014480815,1.819e-05,0.0,3,-1,-0.09441545546963698,ECCENTRICITY,9.919612822407625
SITRO-AIS 27,59068,14.93750681,0.01422804,95.3912,239.1485,307.9722,0.00013673519,1.731e-05,0.0,3,-1,-0.09255084962292498,ECCENTRICITY,9.848056794402638
SITRO-AIS 28,59071,14.9378504,0.01421813,95.391,239.1805,307.8972,0.00012701118,1.606e-05,0.0,3,-1,-0.09356291659734334,ECCENTRICITY,9.840917760500197
MARAFON-D GVM,59072,14.4601302,0.00149684,88.9833,283.1681,324.2341,4.6921408e-05,1.83e-06,0.0,3,-1,-0.013696690779565979,INCLINATION,1.953455744986977
ACS3,59588,13.94500903,0.00862798,97.1692,91.1192,60.5958,0.020194809,0.00027852,0.0,3,-1,-0.1624505603091408,ECCENTRICITY,5.81384708747014
STARLINK-31920,59907,15.58276879,0.00213025,42.9904,204.4586,76.0375,0.0023125512,0.0018557,0.0,0,-1,-0.007409861761592085,ECCENTRICITY,6.06879843757063
STARLINK-31932,59929,15.24950915,0.00040388,42.9982,99.4098,101.7627,-0.049398921,-0.01158286,0.0,0,-1,-0.07353000392990594,BSTAR,12.278361475886074
GRBBETA,60237,15.06664014,0.00399474,61.9882,197.5223,135.779,0.00015599383,2.145e-05,0.0,0,-1,-0.04818787661281154,ECCENTRICITY,11.887491976054138
ISTSAT-1,60238,15.11671244,0.00374843,61.9867,186.2564,131.9207,0.00023397832,3.838e-05,0.0,0,-1,-0.042107655603686345,ECCENTRICITY,11.118808633443626
OOV-CUBE (TUBSAT-30),60240,15.02789334,0.00439627,61.9926,206.7746,134.9443,0.0001001519,1.157e-05,0.0,0,-1,-0.0558441735865588,ECCENTRICITY,13.14058532410496
CURIUM ONE,60242,15.12564531,0.00392469,61.9769,186.6339,131.6342,0.00026862726,4.566e-05,0.0,0,-1,-0.043067976155063414,ECCENTRICITY,11.668880193544833
ROBUSTA-3A (MEDITERRANEE),60243,15.11716494,0.00406712,61.9849,189.7146,129.0308,0.0002099582,3.434e-05,0.0,0,-1,-0.046178237863064076,ECCENTRICITY,12.113375213998793
QIANFAN-1,60379,13.51015922,0.00178768,88.9737,279.3461,27.5959,0.00015916392,1.15e-06,0.0,3,-1,-0.002401296317995627,MEAN_MOTION,2.811694001864772
QIANFAN-2,60380,13.51011497,0.00120699,88.9723,279.1639,2.916,0.00017983268,1.28e-06,0.0,3,-1,-0.004440022102976782,MEAN_MOTION,2.81177469271294
QIANFAN-10,60388,13.51017449,0.00135304,88.9753,278.7792,348.4627,0.00015839918,1.14e-06,0.0,3,-1,-0.03803908524141403,ARG_OF_PERICENTER,2.493706054181263
QIANFAN-18,60396,13.51011362,0.00136241,88.9743,279.0497,3.0344,0.0001687221,1.21e-06,0.0,3,-1,-0.0038019957130280835,MEAN_MOTION,2.8117771544676295
QIANFAN-32,61565,13.50786897,0.00079271,88.986,61.2447,223.4197,7.3869778e-05,6e-07,0.0,3,-1,-0.000304297951667476,MEAN_MOTION,2.815870323108068
ONEWEB-0015,61594,13.11414333,0.00020566,87.8882,20.0206,72.0807,0.00083176399,3.07e-06,0.0,3,-1,-0.010435457166221351,MEAN_MOTION,3.5338376866546852
ONEWEB-0688,61596,13.17643246,0.00024711,87.9126,4.8644,61.5515,0.0031280249,1.227e-05,0.0,3,-1,-0.06608059743964528,MEAN_MOTION,3.4202520882067096
ONEWEB-0689,61597,13.11416214,0.00021129,87.8897,20.0333,90.567,-0.0012406922,-4.27e-06,0.0,3,-1,-0.018028971806548555,MEAN_MOTION,3.533803386206006
ONEWEB-0691,61599,13.11419094,0.00020742,87.8902,19.9528,77.8777,-0.00062692894,-2.1e-06,0.0,3,-1,-0.008010531959678158,MEAN_MOTION,3.533750868772621
ONEWEB-0692,61600,13.11416634,0.00020902,87.8882,20.0156,108.821,0.0012015175,4.39e-06,0.0,3,-1,-0.007263199915806429,MEAN_MOTION,3.5337957274136356
ONEWEB-0693,61601,13.17648384,0.00011471,87.9122,4.8365,75.7055,6.9303717e-05,4e-07,0.0,3,-1,-0.0004738276015845422,MEAN_MOTION,3.4201583956467347
ONEWEB-0695,61602,13.11417985,0.00021953,87.8882,20.0121,97.9363,-0.0011241551,-3.86e-06,0.0,3,-1,-0.01055206176129897,MEAN_MOTION,3.5337710916315195
ONEWEB-0697,61603,13.11415606,0.0002003,87.8883,20.0113,109.7984,0.0017450209,6.31e-06,0.0,3,-1,-0.01782225424816003,MEAN_MOTION,3.533814473219721
ONEWEB-0699,61605,13.10424236,0.00017507,87.8826,35.2413,105.7923,-0.0014795453,-5.04e-06,0.0,3,-1,-0.02498663996104905,MEAN_MOTION,3.5518923231966517
ONEWEB-0700,61606,13.10415806,0.00021136,87.8845,35.1054,101.9869,-0.0017325598,-5.92e-06,0.0,3,-1,-0.029891151207671884,MEAN_MOTION,3.5520460461006205
ONEWEB-0701,61607,13.10345483,0.00018299,87.883,35.1918,110.8218,-0.00093775262,-3.15e-06,0.0,3,-1,-0.009720845760858299,MEAN_MOTION,3.5533284014713966
ONEWEB-0702,61608,13.11414408,0.0002368,87.8897,19.9731,112.0504,-0.00091097901,-3.1e-06,0.0,3,-1,-0.010746217209054998,MEAN_MOTION,3.533836319013188
ONEWEB-0704,61609,13.10396572,0.00023906,87.8833,35.1834,108.5608,-0.001845601,-6.32e-06,0.0,3,-1,-0.03620311794705772,MEAN_MOTION,3.5523967823206553
ONEWEB-0705,61610,13.10373642,0.00027569,87.8837,35.1883,93.0977,-0.001982294,-6.79e-06,0.0,3,-1,-0.038197661833239194,MEAN_MOTION,3.5528149159135314
ONEWEB-0706,61611,13.10435882,0.00022174,87.8829,35.2417,97.7257,-0.0013625404,-4.63e-06,0.0,3,-1,-0.018047512618854733,MEAN_MOTION,3.5516799558254077
ONEWEB-0707,61612,13.10409408,0.00021899,87.8835,35.1889,97.7209,-0.0017665075,-6.04e-06,0.0,3,-1,-0.030481444836947202,MEAN_MOTION,3.5521627150377
ONEWEB-0708,61613,13.10329917,0.00022368,87.8835,35.2491,80.1082,-0.0011170303,-3.77e-06,0.0,3,-1,-0.015475067260128206,MEAN_MOTION,3.5536122509047487
STARLINK-32264,61642,15.60906538,0.00249479,42.99,270.1146,11.1674,0.0023410284,0.00209219,0.0,0,-1,-0.06015902069375734,ECCENTRICITY,7.206453529589776
STARLINK-11421 [DTC],61945,15.70828993,0.0017754,53.1576,215.1781,52.6304,0.016686927,0.02421166,0.0,0,-1,-0.07976642932422029,MEAN_MOTION_DOT,10.73605202368834
2024-226A,62185,13.60152975,0.00564923,50.0046,243.052,167.8775,-6.29838e-07,-1.35e-06,0.0,0,-1,-0.1245188418016474,ECCENTRICITY,17.050818286458362
2024-226B,62186,13.41501587,0.00124211,50.0053,308.0264,94.4994,8.6513902e-05,-8e-07,0.0,0,-1,-0.01965006865775709,MEAN_MOTION,5.863712409758674
QIANFAN-38,62239,13.51006453,0.00148276,89.0076,21.9536,8.5723,7.2197946e-05,5.9e-07,0.0,3,-1,-0.008317881504897928,MEAN_MOTION,2.8118666711622424
QIANFAN-40,62241,13.51008199,0.00141502,89.0104,21.5884,16.7172,8.4305798e-05,6.6e-07,0.0,3,-1,-0.0025136347610505982,MEAN_MOTION,2.8118348324682527
QIANFAN-41,62242,13.51010632,0.00141008,89.0074,21.8974,4.9749,9.1867087e-05,7.1e-07,0.0,3,-1,-0.007608342773929078,MEAN_MOTION,2.811790466178175
QIANFAN-43,62244,13.51010278,0.00158205,89.0079,21.9716,9.2471,6.8471057e-05,5.6e-07,0.0,3,-1,-0.012554435980068779,MEAN_MOTION,2.8117969214460277
QIANFAN-44,62245,13.51012264,0.00139315,89.0077,21.7805,7.402,8.6257974e-05,6.8e-07,0.0,3,-1,-0.004541654406287121,MEAN_MOTION,2.811760706299257
QIANFAN-45,62246,13.51009776,0.00145721,89.0081,21.9297,6.5216,9.8177641e-05,7.5e-07,0.0,3,-1,-0.008737127309462744,MEAN_MOTION,2.8118060755264294
QIANFAN-46,62247,13.51010518,0.00148249,89.0077,21.9958,12.0104,7.5564467e-05,6.1e-07,0.0,3,-1,-0.006113229057096159,MEAN_MOTION,2.8117925449932466
QIANFAN-47,62248,13.51009398,0.00152207,89.0073,21.9206,10.9263,9.4138279e-05,7.3e-07,0.0,3,-1,-0.004954236499851716,MEAN_MOTION,2.811812968439561
QIANFAN-48,62249,13.51014043,0.00175457,89.0076,21.9262,12.3574,0.00011740918,8.8e-07,0.0,3,-1,-0.017111055794555408,MEAN_MOTION,2.8117282658430116
QIANFAN-49,62250,13.51012632,0.00144603,89.0076,21.9384,8.5052,7.8108284e-05,6.2e-07,0.0,3,-1,-0.006993031915120962,MEAN_MOTION,2.8117539957383264
QIANFAN-50,62251,13.51009487,0.00161523,89.0081,21.9546,8.8965,0.00010168745,7.8e-07,0.0,3,-1,-0.013142746283801632,MEAN_MOTION,2.81181134550499
QIANFAN-51,62252,13.51006189,0.00138005,89.0075,21.9384,13.8519,9.0706105e-05,7.1e-07,0.0,3,-1,-0.00017605252894725698,MEAN_MOTION,2.8118714852603026
QIANFAN-52,62253,13.51011874,0.0015499,89.0071,21.8016,5.119,0.00010667972,8.1e-07,0.0,3,-1,-0.01387799095101333,MEAN_MOTION,2.8117678180350296
QIANFAN-53,62254,13.51008554,0.00144312,89.0079,21.9227,6.8601,8.1955988e-05,6.5e-07,0.0,3,-1,-0.008160576524793961,MEAN_MOTION,2.8118283589651782
GJZ 03,62292,13.7520798,0.00187589,59.9132,253.816,5.961,5.8591321e-05,-6.3e-07,0.0,0,-1,-0.06937132106140553,MEAN_MOTION,4.794701411815369
GJZ 04,62293,13.75200687,0.00147638,59.9133,253.8413,18.4651,6.1224915e-05,-6e-07,0.0,0,-1,-0.04907767752617542,MEAN_MOTION,4.794932712067757
GJZ 05,62294,13.75192468,0.00163595,59.9117,253.7714,16.7422,3.5976073e-05,-8.4e-07,0.0,0,-1,-0.05806347630314068,MEAN_MOTION,4.795193380760256
TIANQI-35,62367,13.99196799,0.00088582,44.9858,296.8784,29.1156,0.00010962087,3.1e-07,0.0,0,-1,-0.006492623642108231,MEAN_MOTION,4.033886947370269
CENTISPACE-1 S8,62577,13.80634417,0.00157743,54.9852,271.9592,128.5943,5.9609862e-05,-7.8e-07,0.0,0,-1,-0.011390648636439793,MEAN_MOTION,4.622599910695202
CENTISPACE-1 S12,62581,13.80630752,0.00167926,54.9771,271.9416,133.7293,6.1645295e-05,-7.6e-07,0.0,0,-1,-0.01766156878271563,ECCENTRICITY,4.6613505033255125
STARLINK-11416 [DTC],62594,15.95030898,0.00113329,42.9853,206.6761,72.3074,0.00092581878,0.0037434,6.3240685e-05,0,-1,-0.02849024748875073,INCLINATION,3.330580299560197
ION SCV-016,62628,14.51341596,0.05883658,97.4304,211.0502,89.1524,0.00041474587,0.00019922,0.0,1,-1,-0.09549201881456493,ECCENTRICITY,6.924934697504882
STARLINK-32867,62855,15.31582967,0.00029774,53.1617,0.8695,120.912,0.019153927,0.00636643,0.0,0,-1,-0.01632114851137334,BSTAR,4.642545029804775
COSMOS 2581,62902,14.95009661,0.0011306,81.9959,71.1855,50.442,9.7297e-05,1.089e-05,0.0,3,-1,-0.024878646905676705,INCLINATION,3.817287841751048
COSMOS 2582,62903,14.94997175,0.0011245,81.9958,71.1856,50.4526,8.0848e-05,9.08e-06,0.0,3,-1,-0.025072621026806574,INCLINATION,3.817314515937395
COSMOS 2583,62904,14.9501317,0.001127,81.9954,71.1819,49.736,0.00014734,1.636e-05,0.0,3,-1,-0.02766544863712378,INCLINATION,3.8174212126827802
STARLINK-32505,63085,14.98847002,0.00027442,70.0012,90.4185,346.4369,0.014384681,0.00178352,0.0,4,-1,-0.012020225818768937,BSTAR,10.11354642082348
QIANFAN-73,63159,13.51019827,0.00128737,88.9714,300.0997,289.3676,0.00016818492,1.21e-06,0.0,3,-1,-0.0036254554126259886,MEAN_MOTION,2.8116227933309657
QIANFAN-75,63161,13.5100919,0.00139401,88.9715,300.2287,292.8448,0.00016551676,1.19e-06,0.0,3,-1,-0.00848380854674069,MEAN_MOTION,2.8118167613653053
QIANFAN-76,63162,13.510074,0.00114704,88.9716,300.209,293.7706,0.00018397616,1.31e-06,0.0,3,-1,-0.007228026900241713,MEAN_MOTION,2.8118494024089733
QIANFAN-78,63164,13.51015914,0.00128678,88.9715,300.0668,296.0697,0.00018773524,1.33e-06,0.0,3,-1,-0.008134892945784788,MEAN_MOTION,2.8116941477465307
QIANFAN-79,63165,13.51013308,0.001266,88.9718,300.1861,294.2642,0.00019004107,1.35e-06,0.0,3,-1,-0.010198774692977253,MEAN_MOTION,2.8117416687296575
QIANFAN-80,63166,13.5101065,0.00115352,88.9715,299.886,299.6337,0.00017747434,1.27e-06,0.0,3,-1,-0.00822014984360353,MEAN_MOTION,2.811790137944218
QIANFAN-81,63167,13.51018187,0.00127571,88.9715,299.9559,287.0211,0.000159054,1.15e-06,0.0,3,-1,-0.002655129655993238,MEAN_MOTION,2.8116526990916424
QIANFAN-82,63168,13.51012727,0.00106351,88.9715,299.9965,295.2096,0.00019396268,1.37e-06,0.0,3,-1,-0.005643599363394036,MEAN_MOTION,2.8117522633924326
QIANFAN-83,63169,13.62043768,0.00120397,88.9717,299.3927,265.0232,0.0001713506,1.44e-06,0.0,3,-1,-0.005384606846977502,MEAN_MOTION,2.6105988047570077
QIANFAN-84,63170,13.51037921,0.00136928,88.9715,300.1262,290.6072,0.00020081721,1.42e-06,0.0,3,-1,-0.012917661764890676,MEAN_MOTION,2.811292845261645
QIANFAN-85,63171,13.51010381,0.00111375,88.9714,299.9968,293.6175,0.00017915657,1.28e-06,0.0,3,-1,-0.00302070397007681,MEAN_MOTION,2.8117950432183756
QIANFAN-86,63172,13.51017871,0.00089887,88.9717,299.8626,299.1435,0.00020246229,1.43e-06,0.0,3,-1,-0.014583015821047152,MEAN_MOTION,2.811658461421139
QIANFAN-87,63173,13.51019869,0.00094814,88.9713,299.97,293.5605,0.0001921597,1.36e-06,0.0,3,-1,-0.008887196716125367,MEAN_MOTION,2.8116220274517305
QIANFAN-88,63174,13.51011209,0.00100105,88.9715,299.9276,303.1702,0.00016604129,1.19e-06,0.0,3,-1,-0.007358564541793122,MEAN_MOTION,2.811779944456279
QIANFAN-89,63175,13.51018137,0.00145218,88.9715,300.1205,291.2053,0.00018610481,1.32e-06,0.0,3,-1,-0.010444867721959461,MEAN_MOTION,2.8116536108526393
QIANFAN-90,63176,13.51010234,0.00114377,88.9716,300.0903,289.6594,0.00018894251,1.34e-06,0.0,3,-1,-0.0042597274147450626,MEAN_MOTION,2.811797723795706
STARLINK-33748,63383,15.32030468,0.00011521,53.1602,295.7579,17.5178,0.018476549,0.00621731,0.0,0,-1,-0.0038201473404997355,BSTAR,4.475347748562545
TIANPING-3A 02,63432,14.84351302,0.02394149,43.0039,17.3243,274.2428,0.00010403217,1.244e-05,0.0,4,-1,-0.0223860885237801,ECCENTRICITY,41.67675511083428
STARLINK-33746,63446,15.32555313,0.00138938,53.1592,13.5454,30.5555,-0.058506222,-0.01697745,0.0,0,-1,-0.12227184633519728,BSTAR,14.526317516168817
STARLINK-34087,64023,15.00362636,0.00112481,69.9998,210.2129,210.1363,0.048857203,0.00658151,0.0,4,-1,-0.10400274664567655,BSTAR,34.90912983622516
TIANQI-16,64058,13.99155639,0.0010867,44.9855,357.5458,46.3152,0.00010748762,2.8e-07,0.0,0,-1,-0.034701012496565986,MEAN_MOTION,4.035192352332328
TIANQI-17,64059,13.99157462,0.00101496,44.9817,356.7912,50.2085,0.00010385836,2.3e-07,0.0,0,-1,-0.026903959536735633,MEAN_MOTION,4.0351345351980745
TIANQI-18,64060,13.99138383,0.00103574,44.9863,357.1509,58.4665,0.00010529095,2.5e-07,0.0,0,-1,-0.021547400332711963,MEAN_MOTION,4.035739632896595
TIANQI-20,64061,13.99141301,0.00096903,44.9869,357.0574,51.7451,0.00010052523,1.8e-07,0.0,0,-1,-0.02339423458552259,MEAN_MOTION,4.035647087423336
STARLINK-34230,64137,15.89166504,0.00261464,42.9805,167.2256,125.2426,0.0019577315,0.00597899,0.00014362563,0,-1,-0.11480741500191749,ECCENTRICITY,7.5804809690435935
STARLINK-34272,64274,15.31685991,0.00023377,53.1602,353.3249,169.1808,0.02027565,0.00679499,0.0,0,-1,-0.05610485272510568,BSTAR,4.919420032988932
STARLINK-11678 [DTC],64326,15.97530924,0.00113706,42.9909,113.8107,205.7414,0.0045684478,0.02053034,0.0026780871,0,-1,-0.2207395452762544,MEAN_MOTION_DDOT,31.587183612696673
STARLINK-34431,64353,14.99300841,0.00059041,70.0003,130.6075,273.0444,0.02311013,0.00294921,0.0,4,-1,-0.015086872685632025,BSTAR,16.38963490997821
STARLINK-34493,64472,15.31305368,7.826e-05,53.1586,356.2164,158.5098,0.017723992,0.00580327,0.0,0,-1,-0.031729351350120893,BSTAR,4.289594027036589
STARLINK-34519,64608,15.33235098,0.00012602,53.1595,206.7961,43.6234,0.031241306,0.01115202,0.0,0,-1,-0.014865724695540372,BSTAR,7.626074028597808
HULIANWANG DIGUI-49,65106,13.29320376,0.00085063,50.0042,305.8359,122.2115,0.0001063231,-7.5e-07,0.0,0,-1,-0.009736642384205463,MEAN_MOTION,6.250044122180936
HULIANWANG DIGUI-50,65107,13.29320045,0.00091767,50.0012,305.711,108.6539,9.9493825e-05,-7.8e-07,0.0,0,-1,-0.007281347032778385,MEAN_MOTION,6.250054619971084
HULIANWANG DIGUI-51,65108,13.29323137,0.00105014,50.0049,305.7654,108.0176,0.00010407534,-7.6e-07,0.0,0,-1,-0.01383677834413588,MEAN_MOTION,6.249956556022038
HULIANWANG DIGUI-52,65109,13.29321049,0.0010654,50.0042,305.4308,120.5469,8.75528e-05,-8.3e-07,0.0,0,-1,-0.011562723414473175,MEAN_MOTION,6.250022777731487
HULIANWANG DIGUI-53,65110,13.29324485,0.0009204,50.005,305.415,111.4393,8.4057481e-05,-8.5e-07,0.0,0,-1,-0.0024387777805739974,MEAN_MOTION,6.249913803692378
HULIANWANG DIGUI-54,65111,13.29324456,0.00110015,50.0001,305.1546,115.8507,7.0371939e-05,-9.1e-07,0.0,0,-1,-0.010956726614675283,MEAN_MOTION,6.249914723438345
HULIANWANG DIGUI-55,65112,13.29320858,0.00120841,50.0007,305.2531,112.1687,7.6270571e-05,-8.9e-07,0.0,0,-1,-0.014460600993640438,MEAN_MOTION,6.250028835368701
HULIANWANG DIGUI-56,65113,13.29320326,0.00121264,49.9998,305.1875,131.6657,7.0607713e-05,-9.1e-07,0.0,0,-1,-0.019369072196917192,MEAN_MOTION,6.250045707949842
HULIANWANG DIGUI-57,65114,13.29324502,0.00098084,50.0026,305.1796,123.6198,9.4361219e-05,-8e-07,0.0,0,-1,-0.009178316574731782,MEAN_MOTION,6.24991326453095
GEESAT-4 08,65126,14.82135756,0.00210899,49.966,101.4633,2.8636,0.0001835075,1.253e-05,0.0,0,-1,-0.0005736301736931626,ECCENTRICITY,6.002450307718412
SHIYAN-28B 02,65226,14.29400148,0.00034567,10.9992,258.4093,7.0715,3.9892534e-05,5.35e-06,0.0,0,-1,-0.06903126228667233,INCLINATION,14.334103606301344
COSMOS 2591,65267,15.96317722,0.0008194,96.587,104.5095,125.9957,0.00018402267,0.00075743,4.031968e-06,3,-1,-0.02494694224355415,MEAN_MOTION_DDOT,0.2322540800297394
COSMOS 2592,65268,15.96410849,0.00080482,96.5824,104.5261,120.5703,0.00016374887,0.00067671,3.590904e-06,3,-1,-0.016794544692749547,MEAN_MOTION_DDOT,0.20197963608434372
COSMOS 2593,65269,15.96358993,0.00086154,96.5833,104.586,117.0165,0.00015233884,0.00062768,3.346148e-06,3,-1,-0.012744076824035222,MEAN_MOTION_DDOT,0.1851796891326558
COSMOS 2594,65270,15.96320957,0.00075942,96.5882,104.4039,114.9498,0.00017184599,0.0007067,3.749596e-06,3,-1,-0.02198498835084245,MEAN_MOTION_DDOT,0.21287218695810067
2025-197C,65490,15.24543592,0.00141931,97.4107,0.4306,358.2289,0.00012230609,2.946e-05,0.0,3,-1,-0.008397394924324564,ARG_OF_PERICENTER,2.6073183566452234
YAOGAN-40 03A,65544,14.26489668,0.0015496,85.9885,38.7773,57.7737,7.387983e-05,1.98e-06,0.0,3,-1,-0.00437744384018951,INCLINATION,2.752294277687129
PRAETORIAN SDA_602,65565,13.84278305,0.00060923,81.303,5.8311,171.1355,6.7731738e-05,8.8e-07,0.0,3,-1,-0.006330783301071341,INCLINATION,4.002113278944831
PRAETORIAN SDA_603,65566,13.83906334,0.0009622,81.3037,5.792,173.121,0.00010777491,1.31e-06,0.0,3,-1,-0.01761850320863917,INCLINATION,4.001926559640404
PRAETORIAN SDA_604,65567,13.83047812,0.00055584,81.3053,6.3916,177.2076,3.0362064e-05,4.5e-07,0.0,3,-1,-0.013150882257019325,INCLINATION,4.001499772658864
PRAETORIAN SDA_605,65568,13.83434593,0.00083595,81.3018,6.0831,169.3609,3.2625645e-05,4.8e-07,0.0,3,-1,-0.010125809851996848,INCLINATION,4.002433369180987
PRAETORIAN SDA_606,65569,13.83198397,0.00062951,81.3052,5.7889,170.4598,4.277445e-05,5.9e-07,0.0,3,-1,-0.006325526752694877,INCLINATION,4.001526446845212
PRAETORIAN SDA_607,65570,13.84285615,0.00089864,81.3037,5.706,172.9156,0.0001353321,1.63e-06,0.0,3,-1,-0.01745154181743558,INCLINATION,4.001926559640404
PRAETORIAN SDA_608,65571,13.8381719,0.00060753,81.3006,5.8894,176.0191,2.6327432e-05,4.1e-07,0.0,3,-1,-0.00932815863764097,INCLINATION,4.002753459417142
PRAETORIAN SDA_609,65572,13.84209426,0.00070013,81.3046,5.8683,170.8698,4.9038192e-05,6.7e-07,0.0,3,-1,-0.0065315782348815965,INCLINATION,4.001686491963291
PRAETORIAN SDA_610,65573,13.83767828,0.00068453,81.3007,5.8664,175.7596,3.0140658e-05,4.5e-07,0.0,3,-1,-0.0073089631590047555,INCLINATION,4.002726785230795
PRAETORIAN SDA_611,65574,13.83309193,0.00055947,81.3017,6.0335,179.5052,0.00022279417,2.56e-06,0.0,3,-1,-0.025422118824840412,INCLINATION,4.002460043367334
PRAETORIAN SDA_612,65575,13.85039542,0.00093927,81.3028,5.5556,172.1471,0.00013044176,1.59e-06,0.0,3,-1,-0.02097492000237594,INCLINATION,4.002166627317522
PRAETORIAN SDA_613,65576,13.82765467,0.00058439,81.2998,6.227,169.9698,3.6892199e-05,5.2e-07,0.0,3,-1,-0.00766485248455212,INCLINATION,4.002966852907912
PRAETORIAN SDA_614,65577,13.84777604,0.00073016,81.3014,5.9117,169.8728,3.3736756e-05,5e-07,0.0,3,-1,-0.005918515914514144,INCLINATION,4.002540065926372
PRAETORIAN SDA_615,65578,13.84436297,0.00092886,81.3019,5.6305,170.5981,0.00016870449,2.01e-06,0.0,3,-1,-0.021768271032970465,INCLINATION,4.002406694994639
PRAETORIAN SDA_616,65579,13.83268317,0.00055596,81.3063,6.183,177.2385,0.00014323689,1.69e-06,0.0,3,-1,-0.017103924969252948,INCLINATION,4.001233030795404
PRAETORIAN SDA_617,65580,13.83150158,0.00075494,81.3036,6.1937,170.2062,1.06881e-05,2.4e-07,0.0,3,-1,-0.012746761437240683,INCLINATION,4.001953233826752
PRAETORIAN SDA_618,65581,13.84670045,0.00098777,81.3023,5.5911,173.262,0.00014395438,1.74e-06,0.0,3,-1,-0.022219136750494528,INCLINATION,4.002299998249255
PRAETORIAN SDA_619,65582,13.83806044,0.0008393,81.3043,5.8599,171.408,0.00018584642,2.18e-06,0.0,3,-1,-0.021039338462102097,INCLINATION,4.001766514522329
PRAETORIAN SDA_620,65583,13.83618615,0.00078409,81.3035,5.9229,167.1206,0.00010030759,1.23e-06,0.0,3,-1,-0.009942198831346172,INCLINATION,4.001979908013099
PRAETORIAN SDA_621,65584,13.83801584,0.00076539,81.302,5.7961,164.4005,2.7946862e-05,4.3e-07,0.0,3,-1,-0.008066128555197338,INCLINATION,4.0023800208082925
PRAETORIAN SDA_601,65585,13.83167918,0.00055351,81.3049,6.1236,181.4247,-0.00013202461,-1.33e-06,0.0,3,-1,-0.030261511365729243,INCLINATION,4.0016064694042495
HJS-7C,65619,13.41463996,0.00027313,50.001,340.198,136.054,0.00010450975,-7e-07,0.0,0,-1,-0.0002744251035809997,MEAN_MOTION,5.864904622536337
HJS-7D,65620,13.41473468,0.00049058,50.0015,339.0647,58.2194,8.8644368e-05,-7.9e-07,0.0,0,-1,-0.0015679185334959156,MEAN_MOTION,5.864604214475098
STARLINK-35211,65757,15.30758151,0.00084202,53.1587,206.9291,164.4011,0.014053597,0.00449811,0.0,0,-1,-0.008365024015784872,BSTAR,3.3836300525864655
STARLINK-34889,65761,15.28275472,0.00130822,53.1576,206.3709,103.4298,-0.033307034,-0.00859969,0.0,0,-1,-0.03268047900948623,BSTAR,8.306399356571323
SHIYAN-31,65945,15.23625419,0.00104752,80.0029,127.0921,157.5533,0.00019387837,4.667e-05,0.0,3,-1,-0.03276660102318146,INCLINATION,4.348904375633581
STRIX-5,65971,15.04455079,0.00356447,41.9272,259.1495,85.7208,0.00022460588,3.041e-05,0.0,0,-1,-0.01785761958183152,ECCENTRICITY,10.544706941646176
SDA_1668,65978,13.84236575,0.00026665,81.2984,206.6659,175.4472,0.00012413838,1.5e-06,0.0,3,-1,-0.012741994991999961,INCLINATION,4.003340291516762
SDA_1669,65979,13.84045401,0.00036461,81.2993,206.7351,170.5569,9.1269718e-05,1.13e-06,0.0,3,-1,-0.008801987201135286,INCLINATION,4.0031002238396445
SDA_1671,65981,13.80222781,0.00024864,81.2986,206.5924,153.0914,0.00012420791,1.41e-06,0.0,3,-1,-0.011042173837448765,INCLINATION,4.003286943144071
SDA_1674,65984,13.82051076,0.00011701,81.2988,206.887,141.3514,5.0330899e-05,6.6e-07,0.0,3,-1,-0.0018057981340275364,INCLINATION,4.003233594771377
SDA_1675,65985,13.84761229,0.00039116,81.2965,206.8313,130.1585,7.8621566e-05,1e-06,0.0,3,-1,-1.534955410614769e-05,INCLINATION,4.003847101057344
SDA_1678,65988,13.8498188,0.00018193,81.2994,206.6464,154.0759,5.3733528e-05,7.3e-07,0.0,3,-1,-0.004583965431003645,INCLINATION,4.003073549653298
SDA_1679,65989,13.84856041,0.00033349,81.3014,206.7704,167.3913,-0.00036343379,-3.98e-06,0.0,3,-1,-0.031032563588012818,INCLINATION,4.002540065926372
SDA_1680,65990,13.85231609,0.00042322,81.2994,206.661,166.6512,0.00012446185,1.53e-06,0.0,3,-1,-0.009847945640907074,INCLINATION,4.003073549653298
SDA_1681,65991,13.85304596,0.00043308,81.2993,206.6383,169.0699,2.6312962e-05,4.2e-07,0.0,3,-1,-0.009469602586783588,INCLINATION,4.0031002238396445
SDA_1683,65993,13.78977613,0.00011319,81.2999,207.6409,99.9296,0.00011957117,1.34e-06,0.0,3,-1,-0.003385830901607545,INCLINATION,4.002940178721569
SDA_1684,65994,13.79433742,0.00015338,81.2997,207.4755,113.695,0.00012510376,1.4e-06,0.0,3,-1,-0.0030857755922830132,INCLINATION,4.00299352709426
DUPLEX,66906,15.62935752,0.00028961,51.6258,263.6662,232.9984,0.00033939926,0.00030927,0.0,1,-1,-0.012437926683174505,MEAN_MOTION_DOT,1.12254719893718
ISS OBJECT XY,66912,16.03419946,0.00121052,51.6148,251.1926,340.5173,0.00096838929,0.00624811,0.00019445916,1,-1,-0.3332377593310686,MEAN_MOTION_DOT,25.033635187498458
2025-284A,66913,13.97342951,0.0011012,80.4064,283.7449,219.1947,6.8820644e-05,1.06e-06,0.0,3,-1,-0.04536229094690197,INCLINATION,4.241274033726103
2025-284B,66914,13.97323627,0.00112334,80.3986,283.6035,217.0708,7.6720448e-05,1.17e-06,0.0,3,-1,-0.046839393110896965,INCLINATION,4.243354620261118
2025-313A,67248,14.67282653,0.027651,97.5424,237.0871,321.2521,6.0157309e-05,5.38e-06,0.0,3,-1,-0.1344554800653321,ECCENTRICITY,19.51778096303059
2025-313B,67249,14.7428512,0.02914915,97.5114,238.2366,319.2454,9.9459424e-05,1.241e-05,0.0,3,-1,-0.13784578308937573,ECCENTRICITY,20.597028555456546
2025-313C,67250,14.8886433,0.01488612,97.6156,243.9894,319.6923,0.00039291906,4.469e-05,0.0,3,-1,-0.06599729355267264,ECCENTRICITY,10.322128987189524
2025-313D,67251,14.89648525,0.01473985,97.5688,243.5512,310.0342,8.5305863e-05,9.34e-06,0.0,3,-1,-0.06124854672629737,ECCENTRICITY,10.216757999408498
YAOGAN-50 01,67433,13.83251536,0.0001029,142.0365,242.2928,269.2682,0.0001256425,3.27e-06,0.0,3,-1,-0.09778602483031057,INCLINATION,12.198053685708802
HULIANWANG DIGUI-139,67437,13.29327233,9.714e-05,50.0037,65.9865,18.0584,4.5896472e-05,-1.03e-06,0.0,0,-1,-6.957264452656098e-06,MEAN_MOTION,6.249826649833395
TIANQI-40,67479,13.99148935,0.00109004,44.9836,57.4417,4.3949,0.00011654963,4.1e-07,0.0,0,-1,-0.03500364872772943,MEAN_MOTION,4.035404972227021
STARLINK-36387,67610,15.64707719,0.00024752,97.2848,244.7209,133.1863,-0.0094591791,-0.00828597,0.0,3,-1,-0.012226770952447341,MEAN_MOTION_DOT,3.2657873541677915
KNACKSAT-2,67683,15.60406263,0.00087704,51.6293,267.5508,238.8673,0.00046548365,0.00038699,0.0,1,-1,-0.02389016906259056,MEAN_MOTION_DOT,1.4354651691924794
CORAL,67684,15.78525452,0.00089996,51.6198,260.6034,288.7155,0.0010050128,0.00182121,0.0,1,-1,-0.17297145412810477,MEAN_MOTION_DOT,7.209953219881562
GXIBA-1,67685,15.62090964,0.00097571,51.6264,267.0943,237.0845,0.0005136972,0.00045721,0.0,1,-1,-0.03809234322807775,MEAN_MOTION_DOT,1.7181864747937035
UITMSAT-2,67686,15.65595225,0.00050586,51.6256,264.299,237.7236,0.00064287233,0.00065968,0.0,1,-1,-0.06373680820860894,MEAN_MOTION_DOT,2.533375633795125
LEOPARD,67687,15.61455724,0.00056306,51.6296,267.6204,220.8297,0.00048302334,0.00041823,0.0,1,-1,-0.023515563498917536,MEAN_MOTION_DOT,1.5612443430315885
HMU-SAT2,67688,15.63919386,0.00052158,51.6279,265.9991,229.5672,0.00058119535,0.00055653,0.0,1,-1,-0.05221910065425195,MEAN_MOTION_DOT,2.11807083925274
KUIPER-00279,67795,15.023707,0.00100463,51.8928,73.9253,59.7822,-0.15144451,-0.01841999,0.0,0,-1,-0.12366930090231942,BSTAR,37.46628467912272
YAOGAN-50 02,68196,13.83270548,6.267e-05,141.9921,354.2319,255.5212,9.7410549e-05,2.95e-06,0.0,3,-1,-0.1227512101203409,INCLINATION,12.186210346971027
2026-052J,68206,14.82913471,0.04857927,97.3319,240.7282,52.8785,0.00095135559,0.00074899,2.43535e-06,1,-1,-0.22827830536542282,ECCENTRICITY,5.6713852088922
STARLINK-37095,68237,15.35704774,0.00036744,53.1607,162.9742,179.8245,0.033705118,0.01299237,0.0,4,-1,-0.10039653137842453,BSTAR,24.010455595484764
STARLINK-37044,68247,15.40454784,0.00011263,53.1585,161.5357,287.0898,-0.020896994,-0.00788089,0.0,4,-1,-0.03441552070048437,BSTAR,15.264048972330292
RASSVET-3 5,68364,15.20642065,5.454e-05,82.2965,10.0092,183.7557,0.00010441371,2.321e-05,0.0,3,-1,-0.018816434277275917,INCLINATION,3.7371052375939566
RASSVET-3 6,68365,15.17920353,0.00010665,82.2943,9.3953,149.7302,8.7025867e-05,1.795e-05,0.0,3,-1,-0.012072593115615426,INCLINATION,3.737692069693573
RASSVET-3 7,68366,15.19313421,0.0007554,82.2941,8.7522,127.2663,9.2210684e-05,1.978e-05,0.0,3,-1,-0.010147577512228112,INCLINATION,3.7377454180662673
RASSVET-3 8,68367,15.45952282,0.0003186,82.2934,6.4887,206.1977,-0.0029842818,-0.00142393,0.0,3,-1,-0.0876561372183225,INCLINATION,3.7379321373706906
RASSVET-3 9,68368,15.42233304,6.865e-05,82.2933,6.7928,208.1808,-0.0034667839,-0.00145787,0.0,3,-1,-0.09385742660035318,INCLINATION,3.7379588115570375
RASSVET-3 10,68369,16.00176389,0.00080011,82.2891,5.2048,128.5166,0.00022816317,0.00117543,4.343324e-06,3,-1,-0.12736603143200825,INCLINATION,3.739079127383583
RASSVET-3 11,68370,15.74996167,0.00085517,82.2932,6.171,147.9303,0.00020570828,0.00030648,0.0,3,-1,-0.04959642577309692,INCLINATION,3.7379854857433847
RASSVET-3 12,68371,15.16606276,0.00017705,82.2948,9.1236,147.3108,0.0090379989,0.00180793,0.0,3,-1,-0.09381425100716839,INCLINATION,3.7375586987618443
RASSVET-3 13,68372,15.32257961,0.00071233,82.2963,9.5792,80.3584,0.00012180197,3.828e-05,0.0,3,-1,-0.01250390045195321,INCLINATION,3.7371585859666476
RASSVET-3 14,68373,15.73205302,0.00090291,82.2946,6.7339,105.3865,8.0646905e-05,0.00011146,0.0,3,-1,-0.043595351039889374,INCLINATION,3.7376120471345353
RASSVET-3 15,68374,15.6352329,0.00056394,82.2944,6.9714,154.1503,0.00010265305,9.546e-05,0.0,3,-1,-0.026713559656894426,INCLINATION,3.7376653955072294
RASSVET-3 16,68375,15.50077489,0.00070529,82.2931,6.9002,247.8251,-0.014169587,-0.00726566,0.0,3,-1,-0.17757020042496813,INCLINATION,3.738012159929732
XINZHENGCHENG-01,68412,14.88412494,0.00237224,84.9658,224.4242,232.0072,3.7474847e-05,3.79e-06,0.0,3,-1,-0.02394796353858103,INCLINATION,3.025091181451135
XINZHENGCHENG 01,68414,14.88635206,0.00242945,84.9656,224.4144,232.7337,6.2725985e-05,6.17e-06,0.0,3,-1,-0.025728079306247154,INCLINATION,3.0251445298238298
TIANSHI-01,68415,14.88707372,0.00236549,84.9654,224.3715,231.299,0.00014208479,1.362e-05,0.0,3,-1,-0.02363553246461053,INCLINATION,3.0251978781965203
KUIPER-00285,68589,15.12510203,0.00079175,51.8882,150.478,46.2582,-0.072815293,-0.01181261,0.0,0,-1,-0.0762197499103977,BSTAR,18.0582269792781
STP-S29A OBJECT A,68627,15.24228639,0.00287321,60.0151,157.9663,22.0458,0.00029125104,6.956e-05,0.0,0,-1,-0.016084105613639266,ECCENTRICITY,8.387425274588638
MISR-C-1,68628,15.24350556,0.00273545,60.0204,158.4862,23.8679,0.00020953196,4.934e-05,0.0,0,-1,-0.010286310636976048,ECCENTRICITY,7.95750437296863
RAWHIDE-1,68629,15.248387,0.0030787,60.0205,157.0908,27.6233,8.8433323e-05,1.945e-05,0.0,0,-1,-0.018000025206021064,ECCENTRICITY,9.028717711245834
STPSAT-7,68630,15.24667957,0.00290409,60.0207,157.0843,31.0166,0.00012022808,2.734e-05,0.0,0,-1,-0.011695588207573993,ECCENTRICITY,8.483795465079533
STP-S29A OBJECT E,68631,15.2456804,0.00296446,60.0203,157.0908,31.4219,0.00013830524,3.182e-05,0.0,0,-1,-0.013818983196574264,ECCENTRICITY,8.672197939170706
RAWHIDE-2,68632,15.25664719,0.00295967,60.0289,157.7252,32.6612,0.00012045553,2.831e-05,0.0,0,-1,-0.01269212411324272,ECCENTRICITY,8.657249324777851
MISR-C-2,68633,15.26124282,0.0030256,60.0206,156.528,37.3437,0.00021570419,5.39e-05,0.0,0,-1,-0.010601506994788346,ECCENTRICITY,8.8630034264315
AGGIESAT6 (AGS6),68634,15.2647624,0.00308469,60.0193,156.4307,39.4922,0.00027812442,7.121e-05,0.0,0,-1,-0.011693351334268742,ECCENTRICITY,9.047411281227715
CANVAS,68635,15.25309428,0.00309264,60.0214,157.0246,29.0797,0.00017407533,4.183e-05,0.0,0,-1,-0.017533293186402288,ECCENTRICITY,9.072221612005
SL-4 R/B,68753,15.22552697,0.00627683,98.274,325.5863,209.195,0.00017755072,4.258e-05,0.0,3,-1,-0.011111944505434068,ECCENTRICITY,4.120109493148946
STARLINK-37366,68807,15.36159291,0.00027537,97.2859,20.8256,130.2793,-0.1232985,-0.03785865,0.0,3,-1,-0.22273449954099028,BSTAR,26.645008248350667
STARLINK-37409,68819,15.36306942,0.00067715,97.2886,19.8999,110.228,-0.011620319,-0.00391014,0.0,3,-1,-0.033109513893510634,BSTAR,2.489664425562721
STARLINK-37421,68821,15.36398075,0.00031875,97.2861,20.1576,327.2069,-0.0060298778,-0.00208191,0.0,3,-1,-0.03365469540104843,ARG_OF_PERICENTER,2.2464327668521653
COSMOS 2615,68826,15.88100297,0.00122771,96.6425,91.5369,40.7602,0.00014824918,0.00039777,2.390118e-06,3,-1,-0.017280041235764487,MEAN_MOTION_DDOT,0.11955819963200134
KUIPER-00353,68865,15.28936386,0.00023614,51.8861,214.9999,359.2625,-0.020491167,-0.00543839,0.0,4,-1,-0.042886113176657026,BSTAR,14.972143517002069
KUIPER-00507,68887,15.32812599,7.399e-05,51.8839,218.9496,61.5486,-0.06619299,-0.01903193,0.0,0,-1,-0.09204864305933402,BSTAR,16.423643250308064
KUIPER-00414,68929,14.86869097,0.00204329,51.8995,45.9138,164.0361,-0.0034855918,-0.00031643,0.0,0,-1,-0.02688620730884206,ECCENTRICITY,5.797413989219324
QIANFAN-132,69078,13.84533002,0.00082675,88.9863,341.0449,73.6426,-1.8921548,-0.01980696,0.0,2,-1,-0.0007387448903964922,BSTAR,1.5952065364435448
QIANFAN-137,69083,14.02822542,0.00011477,88.9867,340.9615,135.7973,-1.4034928,-0.0201617,0.0,2,-1,-0.04019161142994809,ARG_OF_PERICENTER,2.0483000263315376
ZHUQUE-2E R/B,69095,15.18297421,0.04428536,88.9697,193.5163,277.3244,0.00019665892,0.00081341,-5.49635e-07,3,-1,-0.20983116926582263,ECCENTRICITY,31.500955532697642
QIANFAN-150,69109,14.00176259,0.00181252,89.0109,21.6092,91.1967,-1.8209849e-05,-1.3e-07,0.0,3,-1,-0.004434942570786027,INCLINATION,1.9460936695553857
QIANFAN-158,69117,14.02861359,0.00182078,89.0103,21.5823,91.0908,-2.2828567e-05,-2.1e-07,0.0,3,-1,-0.004863161423933948,INCLINATION,1.9462537146734653
QIANFAN-159,69118,14.00275625,0.00178726,89.0094,21.5964,88.5295,-1.6723128e-05,-1.1e-07,0.0,3,-1,-0.004141857224225276,INCLINATION,1.9464937823505828
STARLINK-37659,69139,15.39240835,0.00016031,97.2854,9.2739,74.812,-0.013554812,-0.00494401,0.0,3,-1,-0.032972664989273925,BSTAR,2.908084058828206
STARLINK-37654,69141,15.34021334,0.0001537,97.2857,9.3933,83.567,-0.02833216,-0.00858987,0.0,3,-1,-0.08288651613545911,BSTAR,6.104338855716309
STARLINK-37661,69147,15.3723333,0.0002705,97.2852,9.3586,84.2695,-0.012151993,-0.00419316,0.0,3,-1,-0.024884955969182776,BSTAR,2.6046624328425576
STARLINK-37345,69156,15.34280353,0.00016103,53.1609,125.0146,93.753,-0.036226666,-0.01114813,0.0,0,-1,-0.0019318412225813875,BSTAR,9.027052422699562
STARLINK-37328,69160,15.38208247,7.352e-05,53.1595,124.908,74.6167,-0.08156261,-0.02772093,0.0,0,-1,-0.10882617031525454,MEAN_MOTION_DOT,12.360446187552245
STARLINK-37474,69167,15.38762469,9.924e-05,53.1593,124.8021,85.1189,-0.080010697,-0.02769931,0.0,0,-1,-0.10586105325742656,MEAN_MOTION_DOT,12.350830909528812
STARLINK-37089,69183,15.68948843,0.00010511,53.1594,174.4171,95.8428,-0.024773864,-0.02536299,0.0,0,-1,-0.03890347458631105,MEAN_MOTION_DOT,11.31177603664676
STARLINK-37428,69184,15.6020308,0.0001232,53.1597,174.5125,79.6192,-0.034485906,-0.0249118,0.0,0,-1,-0.06246256496150815,MEAN_MOTION_DOT,11.111113812252993
STARLINK-37237,69185,15.63133227,0.00011904,53.1599,178.5752,82.5782,-0.031030528,-0.02511358,0.0,0,-1,-0.05607970075048918,MEAN_MOTION_DOT,11.200853442205284
STARLINK-37365,69186,15.60568832,0.00012639,53.1597,174.4744,82.6661,-0.034407367,-0.02517043,0.0,0,-1,-0.06301728030235443,MEAN_MOTION_DOT,11.226136909163298
STARLINK-37359,69188,15.76937988,0.00022147,53.1575,181.1308,188.1813,-0.0057505981,-0.00860241,0.0,0,-1,-0.005150245938083997,ARG_OF_PERICENTER,4.208796687475718
STARLINK-37422,69191,15.66394512,6.9e-05,53.1592,173.9972,94.1924,-0.027276863,-0.02515891,0.0,0,-1,-0.055483565181623784,MEAN_MOTION_DOT,11.221013504777082
STARLINK-36666,69193,15.60899404,0.00010482,53.1591,174.1263,118.4741,-0.03342859,-0.02482199,0.0,0,-1,-0.07203270186142507,MEAN_MOTION_DOT,11.071171716078863
STARLINK-37355,69194,15.65466077,7.15e-05,53.159,174.0202,97.5068,-0.028647994,-0.02540706,0.0,0,-1,-0.06018389681729408,MEAN_MOTION_DOT,11.331375726863817
STARLINK-37166,69195,15.73422308,0.00081627,53.1596,176.4888,359.7934,-0.029295637,-0.03544904,0.0,4,-1,-0.11379036019031818,BSTAR,21.305070661508687
STARLINK-37604,69203,15.69026971,0.00046537,53.1591,178.3901,345.4585,-0.0098410529,-0.01044156,0.0,4,-1,-0.05720229859922643,MEAN_MOTION_DOT,10.288378508954303
STARLINK-37647,69207,15.64186519,6.706e-05,53.1594,173.9364,99.8124,-0.029835245,-0.02516759,0.0,0,-1,-0.06427411917218107,MEAN_MOTION_DOT,11.224873847665307
STARLINK-37682,69209,15.84097368,0.00142581,53.1566,178.6146,221.3705,0.0088487886,0.02344169,0.0,4,-1,-0.08843880704409302,MEAN_MOTION_DOT,22.440939386660503
STARLINK-37725,69224,15.47906962,0.00013955,97.2843,190.8313,359.6058,-0.0084228141,-0.00415793,0.0,3,-1,-0.06024716474474129,ARG_OF_PERICENTER,2.6233361301152143
STARLINK-35759,69246,15.83048435,0.00077553,53.1574,220.0897,6.2517,0.0043270896,0.01047589,0.0,0,-1,-0.01102277958403819,MEAN_MOTION_DOT,4.627206167261535
STARLINK-37276,69258,15.71833147,0.00012469,53.159,214.6355,62.5129,-0.022283976,-0.0257199,0.0,0,-1,-0.03644773776245469,MEAN_MOTION_DOT,11.47050817722696
STARLINK-37518,69259,15.71782806,0.00012992,53.159,214.6516,62.7615,-0.022090788,-0.02547904,0.0,0,-1,-0.03421543663503235,MEAN_MOTION_DOT,11.363388109478379
STARLINK-37478,69260,15.58606937,9.283e-05,53.1604,214.9298,85.961,-0.036798269,-0.02498347,0.0,0,-1,-0.06223588647438705,MEAN_MOTION_DOT,11.142988325478688
STARLINK-37506,69261,15.7018799,0.0001004,53.1596,215.7059,353.7002,-0.009751219,-0.0108012,0.0,4,-1,-0.0626223455124707,MEAN_MOTION_DOT,10.635770565146636
STARLINK-37503,69262,15.77705561,0.00046624,53.1576,215.3451,207.4494,-0.005090337,-0.00795344,0.0,4,-1,-0.019719689810282492,MEAN_MOTION_DOT,7.8849942278585665
STARLINK-37502,69263,15.70860348,0.00012031,53.1591,214.6479,61.6407,-0.023853215,-0.0263173,0.0,0,-1,-0.03900719144144604,MEAN_MOTION_DOT,11.736195831769034
KUIPER-00383,69268,15.30882853,0.00129143,51.86,26.4171,179.3046,-0.041076312,-0.01139163,0.0,0,-1,-0.12584469029810108,BSTAR,10.224091042476491
STARLINK-37730,69303,15.49838705,0.00021758,97.2856,199.7913,82.2347,-0.046283825,-0.02266637,0.0,3,-1,-0.12121095896954276,BSTAR,9.987180037258375
STARLINK-37732,69307,15.45454539,0.00019175,97.2854,199.8426,90.4787,-0.055788156,-0.02378627,0.0,3,-1,-0.1458601659880911,BSTAR,12.042911793048539
STARLINK-37619,69309,15.48005607,0.00019237,97.2856,199.8224,107.2057,-0.05736289,-0.02637071,0.0,3,-1,-0.15902503188597034,BSTAR,12.383517637975707
STARLINK-37676,69313,15.49137654,0.0001935,97.2848,199.8657,89.1639,-0.052004627,-0.02504773,0.0,3,-1,-0.14050082260021196,BSTAR,11.22455638073672
STARLINK-37799,69317,15.49181156,8.737e-05,97.2857,199.8906,102.8763,-0.051206893,-0.02473202,0.0,3,-1,-0.14475170184019331,BSTAR,11.052011136208357
QIANFAN-163,69325,13.59758614,0.00204763,89.0159,300.1473,178.2353,3.0105417e-05,3.5e-07,0.0,3,-1,-0.012014780048760165,MEAN_MOTION,2.6522690905092374
QIANFAN-164,69326,13.603551,0.0019383,89.0157,301.0998,205.3124,0.00012975542,1.1e-06,0.0,3,-1,-0.009594099965743286,MEAN_MOTION,2.6413920371171247
STARLINK-37733,69329,15.54980831,0.00015977,97.2847,203.5055,87.499,-0.044478723,-0.02628299,0.0,3,-1,-0.12210870394674939,MEAN_MOTION_DOT,10.461248771724904
STARLINK-37772,69330,15.57760313,0.00014285,97.2859,203.5389,76.8281,-0.038288575,-0.02473635,0.0,3,-1,-0.10628528173174284,MEAN_MOTION_DOT,9.842880372576015
STARLINK-37833,69332,15.54051673,0.00015875,97.2853,203.5065,86.711,-0.045423292,-0.02597959,0.0,3,-1,-0.1172376379452515,MEAN_MOTION_DOT,10.339945189571479
STARLINK-37818,69333,15.51749898,0.00011962,97.2851,203.4899,82.7766,-0.050648751,-0.02656262,0.0,3,-1,-0.1366193152929352,BSTAR,10.931288253804508
STARLINK-37868,69334,15.61008094,0.00016799,97.2855,203.5531,72.4279,-0.034533384,-0.02519313,0.0,3,-1,-0.10408674956680991,MEAN_MOTION_DOT,10.025507433406739
STARLINK-37791,69336,15.51925015,0.00019582,97.2857,203.5145,91.9417,-0.064328779,-0.03360875,0.0,3,-1,-0.17964359138928693,BSTAR,13.890199089264536
STARLINK-37765,69337,15.63036665,0.00019755,97.2845,203.6003,74.037,-0.0321017,-0.02533285,0.0,3,-1,-0.10722419694551205,MEAN_MOTION_DOT,10.081369452188797
STARLINK-37780,69340,15.55596081,0.00018113,97.2854,203.5406,57.2101,-0.046661883,-0.02796897,0.0,3,-1,-0.14446028056234234,MEAN_MOTION_DOT,11.135327260317624
STARLINK-37782,69342,15.5821324,0.00019531,97.2851,203.5911,70.5536,-0.037921607,-0.02490301,0.0,3,-1,-0.10943366049227082,MEAN_MOTION_DOT,9.909513381810326
STARLINK-37776,69343,15.57389359,0.0002009,97.285,203.585,73.2244,-0.038276137,-0.02443608,0.0,3,-1,-0.10908211741651036,MEAN_MOTION_DOT,9.722828208392729
STARLINK-37785,69345,15.57811738,0.00020785,97.2854,203.5878,71.9421,-0.037876964,-0.02455269,0.0,3,-1,-0.10711230500760166,MEAN_MOTION_DOT,9.769450524526253
STARLINK-37773,69346,15.53958543,0.00015658,97.2861,203.5451,55.3178,-0.044465699,-0.02541691,0.0,3,-1,-0.13265512786791372,MEAN_MOTION_DOT,10.114977821060968
STARLINK-37775,69348,15.52529474,0.00023472,97.2852,203.5507,86.8999,-0.05726314,-0.03030201,0.0,3,-1,-0.16652879749580457,BSTAR,12.361942290627212
STARLINK-37777,69349,15.52866132,0.00025997,97.2861,203.5536,71.0863,-0.058705026,-0.03197313,0.0,3,-1,-0.1783946153484644,MEAN_MOTION_DOT,12.736246678628296
STARLINK-37779,69350,15.56941241,0.00017365,97.2854,203.5797,63.0534,-0.038744343,-0.02433422,0.0,3,-1,-0.10887246228679198,MEAN_MOTION_DOT,9.682103149466732
STARLINK-37822,69424,15.80613645,0.00027411,97.2831,32.5828,339.9488,0.0021601669,0.00430756,0.0,3,-1,-0.04526796018463447,ARG_OF_PERICENTER,2.3946620266221403
STARLINK-37850,69426,15.81770712,0.00065176,97.2824,33.5207,340.1697,0.0030680006,0.00662849,0.0,4,-1,-0.08191428050584404,INCLINATION,4.688885590055251
STARLINK-37857,69429,15.81219689,0.00065149,97.2827,33.6541,17.9881,0.0047530775,0.01025795,0.0,3,-1,-0.05904211165117229,MEAN_MOTION_DOT,4.148332366222901
STARLINK-37866,69430,15.80767853,6.451e-05,97.2864,34.1256,289.4833,0.002410595,0.00487348,0.0,3,-1,-0.038706487637359455,MEAN_MOTION_DOT,1.995545619361824
STARLINK-37872,69433,15.81030413,0.00050174,97.284,33.6574,13.593,0.0093718911,0.02104763,0.0,3,-1,-0.1035552415325604,MEAN_MOTION_DOT,8.462198003299909
STARLINK-37420,69511,15.91118914,9.389e-05,53.1569,293.8179,57.3739,-0.0057022084,-0.01839707,0.00092336162,0,-1,-0.10496529738827709,MEAN_MOTION_DDOT,10.837996921929175
STARLINK-37511,69512,15.90700195,9.865e-05,53.1575,293.8374,53.0074,-0.0057983177,-0.01831144,0.00091169876,0,-1,-0.10365888736474071,MEAN_MOTION_DDOT,10.700086540934262
STARLINK-37552,69513,15.91483252,9.159e-05,53.1572,293.801,50.9719,-0.0055762888,-0.01833206,0.00092061699,0,-1,-0.1034282907099846,MEAN_MOTION_DDOT,10.805542363699885
STARLINK-37607,69514,15.91737794,9.902e-05,53.1572,293.7869,54.4065,-0.0054535631,-0.01816811,0.00090771735,0,-1,-0.10230712061750602,MEAN_MOTION_DDOT,10.653007370816729
STARLINK-37232,69515,15.92105775,9.38e-05,53.157,293.7699,52.0663,-0.0053341833,-0.01811316,0.00090593318,0,-1,-0.09849533559533408,MEAN_MOTION_DDOT,10.631910010095629
STARLINK-37323,69516,15.92461819,9.069e-05,53.157,293.7526,56.5572,-0.0052478201,-0.01815253,0.00091279988,0,-1,-0.09935749743347755,MEAN_MOTION_DDOT,10.713107007502591
STARLINK-37357,69517,15.92677222,8.648e-05,53.1569,293.7402,51.928,-0.0051604782,-0.01805355,0.00090555655,0,-1,-0.0956032946040225,MEAN_MOTION_DDOT,10.627456455239091
STARLINK-37408,69518,15.93008669,8.462e-05,53.1569,293.7245,49.7052,-0.0050506554,-0.01797971,0.0009017025,0,-1,-0.09746199335789407,MEAN_MOTION_DDOT,10.581883285032687
STARLINK-37570,69519,15.9386106,8.278e-05,53.1569,293.6858,51.2205,-0.0047911888,-0.0178421,0.00089665103,0,-1,-0.09297468965103206,MEAN_MOTION_DDOT,10.522150925021132
STARLINK-37510,69520,15.93439804,9.216e-05,53.1564,293.7055,54.382,-0.0049305056,-0.0179551,0.00090332774,0,-1,-0.09707414037053663,MEAN_MOTION_DDOT,10.601101338546849
STARLINK-37586,69521,15.94475419,8.267e-05,53.1564,293.6556,54.766,-0.0045997923,-0.01770034,0.00088906331,0,-1,-0.0887348431520617,MEAN_MOTION_DDOT,10.432428047778094
STARLINK-37379,69522,15.94723025,8.346e-05,53.1565,293.6423,52.1996,-0.004540548,-0.01770517,0.00089177036,0,-1,-0.0889153952438656,MEAN_MOTION_DDOT,10.46443823197582
STARLINK-37429,69523,15.94961387,8.188e-05,53.1564,293.6296,50.9732,-0.0044724724,-0.01766461,0.0008901722,0,-1,-0.0891816647403535,MEAN_MOTION_DDOT,10.44554039263874
STARLINK-37352,69524,15.95383348,7.755e-05,53.1564,293.6105,50.4799,-0.0043365425,-0.01752315,0.00088086064,0,-1,-0.08951907630946532,MEAN_MOTION_DDOT,10.335433541724212
STARLINK-37490,69525,15.96220196,8.498e-05,53.1561,293.5735,54.3317,-0.0041259493,-0.01744768,0.0008815026,0,-1,-0.09136619924668266,MEAN_MOTION_DDOT,10.343024556979778
STARLINK-37438,69526,15.95733937,8.979e-05,53.1564,293.5948,56.9027,-0.0042295794,-0.01741972,0.00087444479,0,-1,-0.09315781631488806,MEAN_MOTION_DDOT,10.259567731973757
STARLINK-37484,69527,15.96517088,7.74e-05,53.1561,293.5564,51.2137,-0.0039799627,-0.01710998,0.00085287102,0,-1,-0.08719429120937638,MEAN_MOTION_DDOT,10.004463337322987
STARLINK-37523,69528,15.96802124,8.456e-05,53.1563,293.5428,51.0036,-0.0039596054,-0.0172882,0.00087197532,0,-1,-0.08972998442508762,MEAN_MOTION_DDOT,10.230366871416782
STARLINK-37369,69529,15.97083483,6.302e-05,53.1558,293.5287,48.1389,-0.0038779139,-0.01719659,0.00086602279,0,-1,-0.09424268756961696,MEAN_MOTION_DDOT,10.159979703930963
STARLINK-37670,69530,15.9764377,6.902e-05,53.1559,293.5055,54.0508,-0.003695996,-0.01690962,0.00084451342,0,-1,-0.09331729128544475,MEAN_MOTION_DDOT,9.905636823054351
STARLINK-37897,69531,15.9802073,8.094e-05,53.1557,293.4857,49.3777,-0.003600347,-0.01682241,0.00083986049,0,-1,-0.091519665056916,MEAN_MOTION_DDOT,9.85061709812902
STARLINK-37933,69532,15.98620044,8.557e-05,53.1558,293.4613,52.502,-0.003446338,-0.01665444,0.00082976879,0,-1,-0.08704616147081723,MEAN_MOTION_DDOT,9.731285288273941
STARLINK-37890,69533,15.98945178,8.836e-05,53.1559,293.4459,49.7401,-0.0033483943,-0.0164824,0.00081688213,0,-1,-0.08785629316992893,MEAN_MOTION_DDOT,9.578903780620422
STARLINK-37407,69534,15.99391324,0.00010047,53.1555,293.4233,35.3942,-0.0032438193,-0.01637744,0.00081123586,0,-1,-0.09782932792121957,MEAN_MOTION_DDOT,9.512138060471148
STARLINK-37888,69535,15.99860665,9.435e-05,53.1559,293.4034,48.9168,-0.0031369639,-0.01626797,0.00080537927,0,-1,-0.09149957317357238,MEAN_MOTION_DDOT,9.442885359312855
STARLINK-37889,69536,15.94113354,8.82e-05,53.1581,293.6743,55.1071,-0.0046809421,-0.01766896,0.00088288761,0,-1,-0.09274670884148262,MEAN_MOTION_DDOT,10.359401951270865
